"","user","X1.x","category","task","use_plugin","cc","mi","lloc","halstead_difficulty","halstead_effort","X1.y","occupation","programming_experience","python_experience","task1","task2","task3","task4","task5","task6","task7","ide","other_tools","uses_plugin","task_experience","task_experience_between","task_experience_within","task_experience_btw","task_experience_wi"
"1","fd9d2d83c74acfbdeb44b35e7e0d1b1f",0,"task1","task1-1",1,6,81.6944218779114,17,0.5,2.37744375108173,22,"Researcher",5,5,5,4,4,3,3,4,4,"VS Code, PyCharm, Jupyter Notebook","No",TRUE,5,4.25,0.75,4.25,0.75
"2","fd9d2d83c74acfbdeb44b35e7e0d1b1f",1,"task1","task1-2",0,1,100,3,0.5,2.37744375108173,22,"Researcher",5,5,5,4,4,3,3,4,4,"VS Code, PyCharm, Jupyter Notebook","No",FALSE,5,4.25,0.75,4.25,0.75
"3","fd9d2d83c74acfbdeb44b35e7e0d1b1f",2,"task2","task2-1",0,3,85.6406599576921,11,1.5,29.4772266816048,22,"Researcher",5,5,5,4,4,3,3,4,4,"VS Code, PyCharm, Jupyter Notebook","No",FALSE,4,4.25,-0.25,4.25,-0.25
"4","fd9d2d83c74acfbdeb44b35e7e0d1b1f",3,"task2","task2-2",1,4,78.4719060225685,14,1.5,63,22,"Researcher",5,5,5,4,4,3,3,4,4,"VS Code, PyCharm, Jupyter Notebook","No",TRUE,4,4.25,-0.25,4.25,-0.25
"5","fd9d2d83c74acfbdeb44b35e7e0d1b1f",4,"task3","task3-1",0,6,81.9121671148919,19,1.42857142857143,67.926964316621,22,"Researcher",5,5,5,4,4,3,3,4,4,"VS Code, PyCharm, Jupyter Notebook","No",FALSE,4,4.25,-0.25,4.25,-0.25
"6","fd9d2d83c74acfbdeb44b35e7e0d1b1f",5,"task3","task3-2",1,8,82.8850470095117,24,2.375,318.201955986082,22,"Researcher",5,5,5,4,4,3,3,4,4,"VS Code, PyCharm, Jupyter Notebook","No",TRUE,4,4.25,-0.25,4.25,-0.25
"7","fd9d2d83c74acfbdeb44b35e7e0d1b1f",6,"task6","task6-1",0,1,75.6308480280425,18,1.5,62.2697691354714,22,"Researcher",5,5,5,4,4,3,3,4,4,"VS Code, PyCharm, Jupyter Notebook","No",FALSE,4,4.25,-0.25,4.25,-0.25
"8","fd9d2d83c74acfbdeb44b35e7e0d1b1f",7,"task6","task6-2",1,2,82.8346944649355,12,0.5,12.6330971492592,22,"Researcher",5,5,5,4,4,3,3,4,4,"VS Code, PyCharm, Jupyter Notebook","No",TRUE,4,4.25,-0.25,4.25,-0.25
"9","9a6cfe2c7ca82dcb62772e83ed7327db",8,"task1","task1-1",1,3,100,9,0,0,34,"Software Engineer",4,4,5,3,3,1,1,4,4,"VS Code, Jupyter Notebook, Colab Notebook","No",TRUE,5,4,1,4,1
"10","9a6cfe2c7ca82dcb62772e83ed7327db",9,"task1","task1-2",0,1,98.539437201613,9,0.5,2.37744375108173,34,"Software Engineer",4,4,5,3,3,1,1,4,4,"VS Code, Jupyter Notebook, Colab Notebook","No",FALSE,5,4,1,4,1
"11","9a6cfe2c7ca82dcb62772e83ed7327db",10,"task2","task2-1",1,1,100,4,0.5,1,34,"Software Engineer",4,4,5,3,3,1,1,4,4,"VS Code, Jupyter Notebook, Colab Notebook","No",TRUE,3,4,-1,4,-1
"12","9a6cfe2c7ca82dcb62772e83ed7327db",11,"task2","task2-2",0,8,55.7055410359072,23,3.33333333333333,283.700378390817,34,"Software Engineer",4,4,5,3,3,1,1,4,4,"VS Code, Jupyter Notebook, Colab Notebook","No",FALSE,3,4,-1,4,-1
"13","9a6cfe2c7ca82dcb62772e83ed7327db",12,"task6","task6-1",0,3,70.5178283990291,33,4.43333333333333,1316.42886549444,34,"Software Engineer",4,4,5,3,3,1,1,4,4,"VS Code, Jupyter Notebook, Colab Notebook","No",FALSE,4,4,0,4,0
"14","9a6cfe2c7ca82dcb62772e83ed7327db",13,"task6","task6-2",1,2,75.476884708979,26,0.5,2.37744375108173,34,"Software Engineer",4,4,5,3,3,1,1,4,4,"VS Code, Jupyter Notebook, Colab Notebook","No",TRUE,4,4,0,4,0
"15","9a6cfe2c7ca82dcb62772e83ed7327db",14,"task7","task7-1",1,1,100,14,0,0,34,"Software Engineer",4,4,5,3,3,1,1,4,4,"VS Code, Jupyter Notebook, Colab Notebook","No",TRUE,4,4,0,4,0
"16","9a6cfe2c7ca82dcb62772e83ed7327db",15,"task7","task7-2",0,8,42.2264334822725,63,2.8695652173913,890.22240922707,34,"Software Engineer",4,4,5,3,3,1,1,4,4,"VS Code, Jupyter Notebook, Colab Notebook","No",FALSE,4,4,0,4,0
"33","9dd43727b9246d7f2220b94ff43380cf",24,"task1","task1-1",1,5,100,22,0,0,21,"Software Engineer",4,3,5,2,3,1,3,1,2,"PyCharm, Jupyter Notebook, Sublime Text, Notepad++","No",TRUE,5,3.25,1.75,3.25,1.75
"34","9dd43727b9246d7f2220b94ff43380cf",25,"task1","task1-2",0,1,100,8,0.5,2.37744375108173,21,"Software Engineer",4,3,5,2,3,1,3,1,2,"PyCharm, Jupyter Notebook, Sublime Text, Notepad++","No",FALSE,5,3.25,1.75,3.25,1.75
"35","9dd43727b9246d7f2220b94ff43380cf",26,"task2","task2-1",0,5,86.1806447446564,13,0.5,2.37744375108173,21,"Software Engineer",4,3,5,2,3,1,3,1,2,"PyCharm, Jupyter Notebook, Sublime Text, Notepad++","No",FALSE,2,3.25,-1.25,3.25,-1.25
"36","9dd43727b9246d7f2220b94ff43380cf",27,"task2","task2-2",1,6,88.2576206560209,19,1,53.7744375108174,21,"Software Engineer",4,3,5,2,3,1,3,1,2,"PyCharm, Jupyter Notebook, Sublime Text, Notepad++","No",TRUE,2,3.25,-1.25,3.25,-1.25
"37","9dd43727b9246d7f2220b94ff43380cf",28,"task3","task3-1",0,5,73.6606162100188,29,0.5,2.37744375108173,21,"Software Engineer",4,3,5,2,3,1,3,1,2,"PyCharm, Jupyter Notebook, Sublime Text, Notepad++","No",FALSE,3,3.25,-0.25,3.25,-0.25
"38","9dd43727b9246d7f2220b94ff43380cf",29,"task3","task3-2",1,4,87.6953144613256,31,1.33333333333333,18.5754247590989,21,"Software Engineer",4,3,5,2,3,1,3,1,2,"PyCharm, Jupyter Notebook, Sublime Text, Notepad++","No",TRUE,3,3.25,-0.25,3.25,-0.25
"39","9dd43727b9246d7f2220b94ff43380cf",30,"task5","task5-1",1,12,40.0296894490945,70,3.671875,1415.50615669199,21,"Software Engineer",4,3,5,2,3,1,3,1,2,"PyCharm, Jupyter Notebook, Sublime Text, Notepad++","No",TRUE,3,3.25,-0.25,3.25,-0.25
"40","9dd43727b9246d7f2220b94ff43380cf",31,"task5","task5-2",0,18,62.6347611295122,61,3.4,3425.49749287515,21,"Software Engineer",4,3,5,2,3,1,3,1,2,"PyCharm, Jupyter Notebook, Sublime Text, Notepad++","No",FALSE,3,3.25,-0.25,3.25,-0.25
"41","e78bbc00ea23e3688e035426717b63ac",40,"task1","task1-1",1,9,77.9910152993471,35,1.5,105.48604608143,37,"Assistant Manager (programming is a hobby)",3,4,5,4,2,4,2,4,4,"PyCharm","No",TRUE,5,4.25,0.75,4.25,0.75
"42","e78bbc00ea23e3688e035426717b63ac",41,"task1","task1-2",0,1,98.177570011049,8,0.5,19.0195500086539,37,"Assistant Manager (programming is a hobby)",3,4,5,4,2,4,2,4,4,"PyCharm","No",FALSE,5,4.25,0.75,4.25,0.75
"43","e78bbc00ea23e3688e035426717b63ac",42,"task2","task2-1",1,4,87.9254855610437,15,1.2,30.3194331582221,37,"Assistant Manager (programming is a hobby)",3,4,5,4,2,4,2,4,4,"PyCharm","No",TRUE,4,4.25,-0.25,4.25,-0.25
"44","e78bbc00ea23e3688e035426717b63ac",43,"task2","task2-2",0,7,80.2282416585539,26,1.125,52.320367494476,37,"Assistant Manager (programming is a hobby)",3,4,5,4,2,4,2,4,4,"PyCharm","No",FALSE,4,4.25,-0.25,4.25,-0.25
"45","e78bbc00ea23e3688e035426717b63ac",44,"task4","task4-1",1,10,72.9691308396721,29,1.7,177.221812561298,37,"Assistant Manager (programming is a hobby)",3,4,5,4,2,4,2,4,4,"PyCharm","No",TRUE,4,4.25,-0.25,4.25,-0.25
"46","e78bbc00ea23e3688e035426717b63ac",45,"task4","task4-2",0,14,62.6523576486911,62,3.2,932.732351064494,37,"Assistant Manager (programming is a hobby)",3,4,5,4,2,4,2,4,4,"PyCharm","No",FALSE,4,4.25,-0.25,4.25,-0.25
"47","e78bbc00ea23e3688e035426717b63ac",46,"task6","task6-1",1,29,44.2464492713731,132,8.88118811881188,12561.6255934663,37,"Assistant Manager (programming is a hobby)",3,4,5,4,2,4,2,4,4,"PyCharm","No",TRUE,4,4.25,-0.25,4.25,-0.25
"48","e78bbc00ea23e3688e035426717b63ac",47,"task6","task6-2",0,2,89.4356409999019,17,0.5,12.6330971492592,37,"Assistant Manager (programming is a hobby)",3,4,5,4,2,4,2,4,4,"PyCharm","No",FALSE,4,4.25,-0.25,4.25,-0.25
"49","0a13493c5f0f9f75a9fa6a576a14984b",48,"task1","task1-1",0,11,57.4108295297718,49,1.63636363636364,112.143908613333,58,"Software Engineer",4,4,4,4,3,1,1,1,3,"Jupyter Notebook, Notepad ++","No",FALSE,4,3.5,0.5,3.5,0.5
"50","0a13493c5f0f9f75a9fa6a576a14984b",49,"task1","task1-2",1,1,94.9796685865232,8,0.5,2.37744375108173,58,"Software Engineer",4,4,4,4,3,1,1,1,3,"Jupyter Notebook, Notepad ++","No",TRUE,4,3.5,0.5,3.5,0.5
"51","0a13493c5f0f9f75a9fa6a576a14984b",50,"task2","task2-1",0,3,71.2220452402362,16,0.5,1,58,"Software Engineer",4,4,4,4,3,1,1,1,3,"Jupyter Notebook, Notepad ++","No",FALSE,4,3.5,0.5,3.5,0.5
"52","0a13493c5f0f9f75a9fa6a576a14984b",51,"task2","task2-2",1,26,44.3265742897635,112,4.296875,1969.82455387845,58,"Software Engineer",4,4,4,4,3,1,1,1,3,"Jupyter Notebook, Notepad ++","No",TRUE,4,3.5,0.5,3.5,0.5
"53","0a13493c5f0f9f75a9fa6a576a14984b",52,"task3","task3-1",0,8,61.5435658297011,38,1.33333333333333,83.0263588472951,58,"Software Engineer",4,4,4,4,3,1,1,1,3,"Jupyter Notebook, Notepad ++","No",FALSE,3,3.5,-0.5,3.5,-0.5
"54","0a13493c5f0f9f75a9fa6a576a14984b",53,"task3","task3-2",1,11,55.9411337030596,51,1.60714285714286,157.659281019656,58,"Software Engineer",4,4,4,4,3,1,1,1,3,"Jupyter Notebook, Notepad ++","No",TRUE,3,3.5,-0.5,3.5,-0.5
"55","0a13493c5f0f9f75a9fa6a576a14984b",54,"task7","task7-1",0,1,100,16,0,0,58,"Software Engineer",4,4,4,4,3,1,1,1,3,"Jupyter Notebook, Notepad ++","No",FALSE,3,3.5,-0.5,3.5,-0.5
"56","0a13493c5f0f9f75a9fa6a576a14984b",55,"task7","task7-2",1,1,62.6843564331054,92,0.75,361.634760311721,58,"Software Engineer",4,4,4,4,3,1,1,1,3,"Jupyter Notebook, Notepad ++","No",TRUE,3,3.5,-0.5,3.5,-0.5
"57","a061d03ba2e23bf8f3861f78d7d62248",56,"task1","task1-1",1,6,90.4551161554955,10,0.5,2.37744375108173,17,"Researcher",5,4,5,3,3,3,2,5,3,"Vim, Jupyter Notebook","No",TRUE,5,4,1,4,1
"58","a061d03ba2e23bf8f3861f78d7d62248",57,"task1","task1-2",0,1,100,2,1.14285714285714,43.4732571626374,17,"Researcher",5,4,5,3,3,3,2,5,3,"Vim, Jupyter Notebook","No",FALSE,5,4,1,4,1
"59","a061d03ba2e23bf8f3861f78d7d62248",58,"task2","task2-1",1,2,96.8610036046324,7,1,8,17,"Researcher",5,4,5,3,3,3,2,5,3,"Vim, Jupyter Notebook","No",TRUE,3,4,-1,4,-1
"60","a061d03ba2e23bf8f3861f78d7d62248",59,"task2","task2-2",0,4,81.8276157374001,14,0.5,6.96578428466209,17,"Researcher",5,4,5,3,3,3,2,5,3,"Vim, Jupyter Notebook","No",FALSE,3,4,-1,4,-1
"61","a061d03ba2e23bf8f3861f78d7d62248",60,"task3","task3-1",0,3,86.5041439650442,17,1,8,17,"Researcher",5,4,5,3,3,3,2,5,3,"Vim, Jupyter Notebook","No",FALSE,3,4,-1,4,-1
"62","a061d03ba2e23bf8f3861f78d7d62248",61,"task3","task3-2",1,11,58.1885456359324,40,3.16666666666667,410.583169014299,17,"Researcher",5,4,5,3,3,3,2,5,3,"Vim, Jupyter Notebook","No",TRUE,3,4,-1,4,-1
"63","a061d03ba2e23bf8f3861f78d7d62248",62,"task6","task6-1",0,1,66.4402079232984,25,3.52941176470588,478.965383582507,17,"Researcher",5,4,5,3,3,3,2,5,3,"Vim, Jupyter Notebook","No",FALSE,5,4,1,4,1
"64","a061d03ba2e23bf8f3861f78d7d62248",63,"task6","task6-2",1,2,91.8764491601636,14,0.5,2.37744375108173,17,"Researcher",5,4,5,3,3,3,2,5,3,"Vim, Jupyter Notebook","No",TRUE,5,4,1,4,1
"65","4d52cf690a039273baca11d5bf55f0a7",64,"task1","task1-1",1,4,79.408158579859,20,0.5,2.37744375108173,24,"Software Engineer",3,4,5,4,4,2,3,3,3,"Vim, Jupyter Notebook","black, flake8, pylint, mypy, vim-surround, vim-unimpaired",TRUE,5,4,1,4,1
"66","4d52cf690a039273baca11d5bf55f0a7",65,"task1","task1-2",0,1,100,3,0.5,2.37744375108173,24,"Software Engineer",3,4,5,4,4,2,3,3,3,"Vim, Jupyter Notebook","black, flake8, pylint, mypy, vim-surround, vim-unimpaired",FALSE,5,4,1,4,1
"67","4d52cf690a039273baca11d5bf55f0a7",66,"task2","task2-1",0,2,93.6266567711644,10,0.5,1,24,"Software Engineer",3,4,5,4,4,2,3,3,3,"Vim, Jupyter Notebook","black, flake8, pylint, mypy, vim-surround, vim-unimpaired",FALSE,4,4,0,4,0
"68","4d52cf690a039273baca11d5bf55f0a7",67,"task2","task2-2",1,4,77.2598447511989,23,0.5,2.37744375108173,24,"Software Engineer",3,4,5,4,4,2,3,3,3,"Vim, Jupyter Notebook","black, flake8, pylint, mypy, vim-surround, vim-unimpaired",TRUE,4,4,0,4,0
"69","4d52cf690a039273baca11d5bf55f0a7",68,"task3","task3-1",1,3,71.3461922726358,35,0.5,2.37744375108173,24,"Software Engineer",3,4,5,4,4,2,3,3,3,"Vim, Jupyter Notebook","black, flake8, pylint, mypy, vim-surround, vim-unimpaired",TRUE,4,4,0,4,0
"70","4d52cf690a039273baca11d5bf55f0a7",69,"task3","task3-2",0,5,79.6139872446148,26,0.5,2.37744375108173,24,"Software Engineer",3,4,5,4,4,2,3,3,3,"Vim, Jupyter Notebook","black, flake8, pylint, mypy, vim-surround, vim-unimpaired",FALSE,4,4,0,4,0
"71","4d52cf690a039273baca11d5bf55f0a7",70,"task5","task5-1",0,5,66.6511897707274,28,1.5,75.2842125151443,24,"Software Engineer",3,4,5,4,4,2,3,3,3,"Vim, Jupyter Notebook","black, flake8, pylint, mypy, vim-surround, vim-unimpaired",FALSE,3,4,-1,4,-1
"72","4d52cf690a039273baca11d5bf55f0a7",71,"task5","task5-2",1,17,42.6722086588477,93,4,1661.9541138581,24,"Software Engineer",3,4,5,4,4,2,3,3,3,"Vim, Jupyter Notebook","black, flake8, pylint, mypy, vim-surround, vim-unimpaired",TRUE,3,4,-1,4,-1
"73","638965bbb0d66a5b0eae27d1324bbf89",72,"task1","task1-1",0,6,81.4049496836252,17,1,27,25,"Student (computer science)",3,3,5,4,2,1,4,2,2,"PyCharm, Atom","No",FALSE,5,3.75,1.25,3.75,1.25
"74","638965bbb0d66a5b0eae27d1324bbf89",73,"task1","task1-2",1,1,81.99083716851,4,0.5,2.37744375108173,25,"Student (computer science)",3,3,5,4,2,1,4,2,2,"PyCharm, Atom","No",TRUE,5,3.75,1.25,3.75,1.25
"75","638965bbb0d66a5b0eae27d1324bbf89",74,"task2","task2-1",1,2,72.5751466183647,8,1,11.6096404744368,25,"Student (computer science)",3,3,5,4,2,1,4,2,2,"PyCharm, Atom","No",TRUE,4,3.75,0.25,3.75,0.25
"76","638965bbb0d66a5b0eae27d1324bbf89",75,"task2","task2-2",0,5,100,15,0,0,25,"Student (computer science)",3,3,5,4,2,1,4,2,2,"PyCharm, Atom","No",FALSE,4,3.75,0.25,3.75,0.25
"77","638965bbb0d66a5b0eae27d1324bbf89",76,"task3","task3-1",0,8,81.8440073924475,26,0.5,1,25,"Student (computer science)",3,3,5,4,2,1,4,2,2,"PyCharm, Atom","No",FALSE,2,3.75,-1.75,3.75,-1.75
"78","638965bbb0d66a5b0eae27d1324bbf89",77,"task3","task3-2",1,7,77.4412971870153,24,0.5,19.0195500086539,25,"Student (computer science)",3,3,5,4,2,1,4,2,2,"PyCharm, Atom","No",TRUE,2,3.75,-1.75,3.75,-1.75
"79","638965bbb0d66a5b0eae27d1324bbf89",78,"task5","task5-1",0,4,77.6064996275579,31,1.5,54.8118135656415,25,"Student (computer science)",3,3,5,4,2,1,4,2,2,"PyCharm, Atom","No",FALSE,4,3.75,0.25,3.75,0.25
"80","638965bbb0d66a5b0eae27d1324bbf89",79,"task5","task5-2",1,9,53.0194145875943,58,1.6530612244898,763.277244708647,25,"Student (computer science)",3,3,5,4,2,1,4,2,2,"PyCharm, Atom","No",TRUE,4,3.75,0.25,3.75,0.25
"81","cbfad61871126c1cc4c85d8bdb7fdddf",80,"task1","task1-1",1,6,86.1539642137033,15,1,11.6096404744368,30,"IT manager, F&B industry",3,3,4,4,3,4,3,3,3,"PyCharm","Don't use plugins",TRUE,4,3.75,0.25,3.75,0.25
"82","cbfad61871126c1cc4c85d8bdb7fdddf",81,"task1","task1-2",0,1,88.5574946685516,2,0.5,2.37744375108173,30,"IT manager, F&B industry",3,3,4,4,3,4,3,3,3,"PyCharm","Don't use plugins",FALSE,4,3.75,0.25,3.75,0.25
"83","cbfad61871126c1cc4c85d8bdb7fdddf",82,"task2","task2-1",1,3,69.4237136101073,11,1,11.6096404744368,30,"IT manager, F&B industry",3,3,4,4,3,4,3,3,3,"PyCharm","Don't use plugins",TRUE,4,3.75,0.25,3.75,0.25
"84","cbfad61871126c1cc4c85d8bdb7fdddf",83,"task2","task2-2",0,6,61.8603888321264,16,2,76.1074956100205,30,"IT manager, F&B industry",3,3,4,4,3,4,3,3,3,"PyCharm","Don't use plugins",FALSE,4,3.75,0.25,3.75,0.25
"85","cbfad61871126c1cc4c85d8bdb7fdddf",84,"task3","task3-1",1,10,61.8353593939619,32,1.5,193.985275410722,30,"IT manager, F&B industry",3,3,4,4,3,4,3,3,3,"PyCharm","Don't use plugins",TRUE,3,3.75,-0.75,3.75,-0.75
"86","cbfad61871126c1cc4c85d8bdb7fdddf",85,"task3","task3-2",0,9,50.3930498149413,34,2.94117647058824,406.59523581693,30,"IT manager, F&B industry",3,3,4,4,3,4,3,3,3,"PyCharm","Don't use plugins",FALSE,3,3.75,-0.75,3.75,-0.75
"87","cbfad61871126c1cc4c85d8bdb7fdddf",86,"task4","task4-1",0,7,55.5203586377003,26,1.2,77.435190015577,30,"IT manager, F&B industry",3,3,4,4,3,4,3,3,3,"PyCharm","Don't use plugins",FALSE,4,3.75,0.25,3.75,0.25
"88","cbfad61871126c1cc4c85d8bdb7fdddf",87,"task4","task4-2",1,9,51.2393846679748,38,2.88888888888889,213.803183714819,30,"IT manager, F&B industry",3,3,4,4,3,4,3,3,3,"PyCharm","Don't use plugins",TRUE,4,3.75,0.25,3.75,0.25
"97","2e3e8fa9d9f7b9fed260130d754b6308",96,"task1","task1-1",1,5,78.2336343601484,17,1,15.5097750043269,28,"Student (computer science)",3,4,5,4,2,2,2,3,4,"Jupyter Notebook","I don't use any assistive tools",TRUE,5,4,1,4,1
"98","2e3e8fa9d9f7b9fed260130d754b6308",97,"task1","task1-2",0,3,78.4226436001715,13,1.8,119.894246867771,28,"Student (computer science)",3,4,5,4,2,2,2,3,4,"Jupyter Notebook","I don't use any assistive tools",FALSE,5,4,1,4,1
"99","2e3e8fa9d9f7b9fed260130d754b6308",98,"task2","task2-1",1,3,83.7351204664825,13,1,11.6096404744368,28,"Student (computer science)",3,4,5,4,2,2,2,3,4,"Jupyter Notebook","I don't use any assistive tools",TRUE,4,4,0,4,0
"100","2e3e8fa9d9f7b9fed260130d754b6308",99,"task2","task2-2",0,3,80.7774358268685,12,1.42857142857143,67.926964316621,28,"Student (computer science)",3,4,5,4,2,2,2,3,4,"Jupyter Notebook","I don't use any assistive tools",FALSE,4,4,0,4,0
"101","2e3e8fa9d9f7b9fed260130d754b6308",100,"task6","task6-1",0,1,80.7814935383173,15,1,15.5097750043269,28,"Student (computer science)",3,4,5,4,2,2,2,3,4,"Jupyter Notebook","I don't use any assistive tools",FALSE,3,4,-1,4,-1
"102","2e3e8fa9d9f7b9fed260130d754b6308",101,"task6","task6-2",1,2,80.1631009009574,19,0.5,2.37744375108173,28,"Student (computer science)",3,4,5,4,2,2,2,3,4,"Jupyter Notebook","I don't use any assistive tools",TRUE,3,4,-1,4,-1
"103","2e3e8fa9d9f7b9fed260130d754b6308",102,"task7","task7-1",0,1,100,11,0,0,28,"Student (computer science)",3,4,5,4,2,2,2,3,4,"Jupyter Notebook","I don't use any assistive tools",FALSE,4,4,0,4,0
"104","2e3e8fa9d9f7b9fed260130d754b6308",103,"task7","task7-2",1,2,75.6530997976144,21,0.5,6.96578428466209,28,"Student (computer science)",3,4,5,4,2,2,2,3,4,"Jupyter Notebook","I don't use any assistive tools",TRUE,4,4,0,4,0
"105","eb8c0b297db7d9e210c3b804373339a2",104,"task1","task1-1",1,5,90.1185253581517,17,0.5,6.96578428466209,20,"Software Engineer",4,4,4,4,3,3,2,4,4,"PyCharm, Jupyter Notebook, Visual Studio","No",TRUE,4,4,0,4,0
"106","eb8c0b297db7d9e210c3b804373339a2",105,"task1","task1-2",0,1,100,3,0,0,20,"Software Engineer",4,4,4,4,3,3,2,4,4,"PyCharm, Jupyter Notebook, Visual Studio","No",FALSE,4,4,0,4,0
"107","eb8c0b297db7d9e210c3b804373339a2",106,"task2","task2-1",1,2,91.739483484947,14,1,11.6096404744368,20,"Software Engineer",4,4,4,4,3,3,2,4,4,"PyCharm, Jupyter Notebook, Visual Studio","No",TRUE,4,4,0,4,0
"108","eb8c0b297db7d9e210c3b804373339a2",107,"task2","task2-2",0,3,87.939420952334,14,0.75,42.7939875194712,20,"Software Engineer",4,4,4,4,3,3,2,4,4,"PyCharm, Jupyter Notebook, Visual Studio","No",FALSE,4,4,0,4,0
"109","eb8c0b297db7d9e210c3b804373339a2",108,"task6","task6-1",0,2,75.3437231188192,39,4.8,1930.16304024923,20,"Software Engineer",4,4,4,4,3,3,2,4,4,"PyCharm, Jupyter Notebook, Visual Studio","No",FALSE,4,4,0,4,0
"110","eb8c0b297db7d9e210c3b804373339a2",109,"task6","task6-2",1,2,87.3547108376201,18,1,53.7744375108174,20,"Software Engineer",4,4,4,4,3,3,2,4,4,"PyCharm, Jupyter Notebook, Visual Studio","No",TRUE,4,4,0,4,0
"111","eb8c0b297db7d9e210c3b804373339a2",110,"task7","task7-1",0,1,100,14,0,0,20,"Software Engineer",4,4,4,4,3,3,2,4,4,"PyCharm, Jupyter Notebook, Visual Studio","No",FALSE,4,4,0,4,0
"112","eb8c0b297db7d9e210c3b804373339a2",111,"task7","task7-2",1,4,65.4287995175359,93,1.53846153846154,497.75237748727,20,"Software Engineer",4,4,4,4,3,3,2,4,4,"PyCharm, Jupyter Notebook, Visual Studio","No",TRUE,4,4,0,4,0
"113","42387deceb25d7486993e2a2d58e14ea",112,"task1","task1-1",1,5,82.7978903339216,16,0.5,2.37744375108173,45,"Student (computer science)",4,4,4,4,3,3,3,3,4,"VS Code","Pylint",TRUE,4,3.75,0.25,3.75,0.25
"114","42387deceb25d7486993e2a2d58e14ea",113,"task1","task1-2",0,1,100,5,0.5,2.37744375108173,45,"Student (computer science)",4,4,4,4,3,3,3,3,4,"VS Code","Pylint",FALSE,4,3.75,0.25,3.75,0.25
"115","42387deceb25d7486993e2a2d58e14ea",114,"task2","task2-1",1,2,93.2630626069738,8,1,8,45,"Student (computer science)",4,4,4,4,3,3,3,3,4,"VS Code","Pylint",TRUE,4,3.75,0.25,3.75,0.25
"116","42387deceb25d7486993e2a2d58e14ea",115,"task2","task2-2",0,8,70.9279047566115,24,3,77.5488750216347,45,"Student (computer science)",4,4,4,4,3,3,3,3,4,"VS Code","Pylint",FALSE,4,3.75,0.25,3.75,0.25
"117","42387deceb25d7486993e2a2d58e14ea",116,"task3","task3-1",1,4,86.8017828417106,24,0.5,1,45,"Student (computer science)",4,4,4,4,3,3,3,3,4,"VS Code","Pylint",TRUE,3,3.75,-0.75,3.75,-0.75
"118","42387deceb25d7486993e2a2d58e14ea",117,"task3","task3-2",0,10,76.6584194072037,37,2.57142857142857,124.539538270943,45,"Student (computer science)",4,4,4,4,3,3,3,3,4,"VS Code","Pylint",FALSE,3,3.75,-0.75,3.75,-0.75
"119","42387deceb25d7486993e2a2d58e14ea",118,"task7","task7-1",1,1,100,19,0,0,45,"Student (computer science)",4,4,4,4,3,3,3,3,4,"VS Code","Pylint",TRUE,4,3.75,0.25,3.75,0.25
"120","42387deceb25d7486993e2a2d58e14ea",119,"task7","task7-2",0,4,65.6783150655736,35,1.90909090909091,152.640320057037,45,"Student (computer science)",4,4,4,4,3,3,3,3,4,"VS Code","Pylint",FALSE,4,3.75,0.25,3.75,0.25
"121","203a872af9b348b6ae1c59fbacd59e72",120,"task1","task1-1",1,5,81.828924801888,17,0.5,2.37744375108173,55,"Software Engineer",4,4,5,5,4,4,1,3,2,"VS Code, Jupyter Notebook","No",TRUE,5,4.5,0.5,4.5,0.5
"122","203a872af9b348b6ae1c59fbacd59e72",121,"task1","task1-2",0,1,81.99083716851,4,0.5,2.37744375108173,55,"Software Engineer",4,4,5,5,4,4,1,3,2,"VS Code, Jupyter Notebook","No",FALSE,5,4.5,0.5,4.5,0.5
"123","203a872af9b348b6ae1c59fbacd59e72",122,"task2","task2-1",1,2,69.5582165340839,11,1,11.6096404744368,55,"Software Engineer",4,4,5,5,4,4,1,3,2,"VS Code, Jupyter Notebook","No",TRUE,5,4.5,0.5,4.5,0.5
"124","203a872af9b348b6ae1c59fbacd59e72",123,"task2","task2-2",0,6,83.7577801437006,11,1.2,30.3194331582221,55,"Software Engineer",4,4,5,5,4,4,1,3,2,"VS Code, Jupyter Notebook","No",FALSE,5,4.5,0.5,4.5,0.5
"125","203a872af9b348b6ae1c59fbacd59e72",124,"task3","task3-1",1,3,54.5027819848443,22,1.63636363636364,296.362458656532,55,"Software Engineer",4,4,5,5,4,4,1,3,2,"VS Code, Jupyter Notebook","No",TRUE,4,4.5,-0.5,4.5,-0.5
"126","203a872af9b348b6ae1c59fbacd59e72",125,"task3","task3-2",0,11,48.831052866548,37,2,325.031489285628,55,"Software Engineer",4,4,5,5,4,4,1,3,2,"VS Code, Jupyter Notebook","No",FALSE,4,4.5,-0.5,4.5,-0.5
"127","203a872af9b348b6ae1c59fbacd59e72",126,"task4","task4-1",1,6,63.2279198707744,27,0.5,2.37744375108173,55,"Software Engineer",4,4,5,5,4,4,1,3,2,"VS Code, Jupyter Notebook","No",TRUE,4,4.5,-0.5,4.5,-0.5
"128","203a872af9b348b6ae1c59fbacd59e72",127,"task4","task4-2",0,6,56.2274922489932,29,0.5,19.0195500086539,55,"Software Engineer",4,4,5,5,4,4,1,3,2,"VS Code, Jupyter Notebook","No",FALSE,4,4.5,-0.5,4.5,-0.5
"137","e88d1e36c4db7410802b3fda6db81d38",136,"task1","task1-1",1,2,100,10,0,0,36,"IT Solution Architect",3,3,3,3,3,3,3,3,3,"VS Code, PyCharm, Jupyter Notebook","No",TRUE,3,3,0,3,0
"138","e88d1e36c4db7410802b3fda6db81d38",137,"task1","task1-2",0,1,96.8041792125935,14,0.5,2.37744375108173,36,"IT Solution Architect",3,3,3,3,3,3,3,3,3,"VS Code, PyCharm, Jupyter Notebook","No",FALSE,3,3,0,3,0
"139","e88d1e36c4db7410802b3fda6db81d38",138,"task2","task2-1",1,1,100,5,0,0,36,"IT Solution Architect",3,3,3,3,3,3,3,3,3,"VS Code, PyCharm, Jupyter Notebook","No",TRUE,3,3,0,3,0
"140","e88d1e36c4db7410802b3fda6db81d38",139,"task2","task2-2",0,9,79.3935949119126,30,3.14285714285714,458.691750158654,36,"IT Solution Architect",3,3,3,3,3,3,3,3,3,"VS Code, PyCharm, Jupyter Notebook","No",FALSE,3,3,0,3,0
"141","e88d1e36c4db7410802b3fda6db81d38",140,"task3","task3-1",1,13,83.345945446882,39,1.25,25.8496250072116,36,"IT Solution Architect",3,3,3,3,3,3,3,3,3,"VS Code, PyCharm, Jupyter Notebook","No",TRUE,3,3,0,3,0
"142","e88d1e36c4db7410802b3fda6db81d38",141,"task3","task3-2",0,7,84.4231559201587,23,1.5,88.8105532353862,36,"IT Solution Architect",3,3,3,3,3,3,3,3,3,"VS Code, PyCharm, Jupyter Notebook","No",FALSE,3,3,0,3,0
"143","e88d1e36c4db7410802b3fda6db81d38",142,"task4","task4-1",0,6,83.840865869587,22,1.25,62.2861517791381,36,"IT Solution Architect",3,3,3,3,3,3,3,3,3,"VS Code, PyCharm, Jupyter Notebook","No",FALSE,3,3,0,3,0
"144","e88d1e36c4db7410802b3fda6db81d38",143,"task4","task4-2",1,9,70.1601721504329,45,2,144,36,"IT Solution Architect",3,3,3,3,3,3,3,3,3,"VS Code, PyCharm, Jupyter Notebook","No",TRUE,3,3,0,3,0
"156","0bd31633162f7a836160dd5b6359d29b",155,"task1","task1-1",0,3,91.3923433171498,12,0.5,12.6330971492592,59,"Embedded System Engineer",5,4,5,5,5,3,3,3,3,"Vim, VS Code, Sublime Text","no",FALSE,5,5,0,5,0
"157","0bd31633162f7a836160dd5b6359d29b",156,"task1","task1-2",1,1,90.305878983458,6,1,116.692058561959,59,"Embedded System Engineer",5,4,5,5,5,3,3,3,3,"Vim, VS Code, Sublime Text","no",TRUE,5,5,0,5,0
"158","0bd31633162f7a836160dd5b6359d29b",157,"task2","task2-1",1,1,100,5,0,0,59,"Embedded System Engineer",5,4,5,5,5,3,3,3,3,"Vim, VS Code, Sublime Text","no",TRUE,5,5,0,5,0
"159","0e4f69ae91114adaaf29c8ce2c981057",158,"task1","task1-1",1,7,87.8782163455967,12,0.5,2.37744375108173,56,"Teaching Assistant",3,3,4,4,3,1,2,3,3,"VS Code, Jupyter Notebook, Notebook++, Atom, Spyder IDE","No particular tool, but I use Spyder IDE which has integrated type checking, and other features.",TRUE,4,3.5,0.5,3.5,0.5
"160","0e4f69ae91114adaaf29c8ce2c981057",159,"task1","task1-2",0,1,100,4,0.5,2.37744375108173,56,"Teaching Assistant",3,3,4,4,3,1,2,3,3,"VS Code, Jupyter Notebook, Notebook++, Atom, Spyder IDE","No particular tool, but I use Spyder IDE which has integrated type checking, and other features.",FALSE,4,3.5,0.5,3.5,0.5
"161","0e4f69ae91114adaaf29c8ce2c981057",160,"task2","task2-1",1,1,100,5,0,0,56,"Teaching Assistant",3,3,4,4,3,1,2,3,3,"VS Code, Jupyter Notebook, Notebook++, Atom, Spyder IDE","No particular tool, but I use Spyder IDE which has integrated type checking, and other features.",TRUE,4,3.5,0.5,3.5,0.5
"162","0e4f69ae91114adaaf29c8ce2c981057",161,"task2","task2-2",0,4,74.0520755620033,19,1.33333333333333,48,56,"Teaching Assistant",3,3,4,4,3,1,2,3,3,"VS Code, Jupyter Notebook, Notebook++, Atom, Spyder IDE","No particular tool, but I use Spyder IDE which has integrated type checking, and other features.",FALSE,4,3.5,0.5,3.5,0.5
"163","0e4f69ae91114adaaf29c8ce2c981057",162,"task3","task3-1",1,3,78.4171031292365,16,0.5,12.6330971492592,56,"Teaching Assistant",3,3,4,4,3,1,2,3,3,"VS Code, Jupyter Notebook, Notebook++, Atom, Spyder IDE","No particular tool, but I use Spyder IDE which has integrated type checking, and other features.",TRUE,3,3.5,-0.5,3.5,-0.5
"164","0e4f69ae91114adaaf29c8ce2c981057",163,"task3","task3-2",0,7,65.6041578453655,24,1.33333333333333,207.452548554593,56,"Teaching Assistant",3,3,4,4,3,1,2,3,3,"VS Code, Jupyter Notebook, Notebook++, Atom, Spyder IDE","No particular tool, but I use Spyder IDE which has integrated type checking, and other features.",FALSE,3,3.5,-0.5,3.5,-0.5
"165","0e4f69ae91114adaaf29c8ce2c981057",164,"task6","task6-1",1,1,72.1465889558489,24,1.5,62.2697691354714,56,"Teaching Assistant",3,3,4,4,3,1,2,3,3,"VS Code, Jupyter Notebook, Notebook++, Atom, Spyder IDE","No particular tool, but I use Spyder IDE which has integrated type checking, and other features.",TRUE,3,3.5,-0.5,3.5,-0.5
"166","0e4f69ae91114adaaf29c8ce2c981057",165,"task6","task6-2",0,2,77.1531761396223,17,0.5,12.6330971492592,56,"Teaching Assistant",3,3,4,4,3,1,2,3,3,"VS Code, Jupyter Notebook, Notebook++, Atom, Spyder IDE","No particular tool, but I use Spyder IDE which has integrated type checking, and other features.",FALSE,3,3.5,-0.5,3.5,-0.5
"167","3290155d5f39c2cece41ce216eecac62",166,"task1","task1-1",0,6,71.0800028253074,22,1.5,62.2697691354714,31,"Software Engineer",4,4,5,5,5,2,2,4,2,"VS Code, Jupyter Notebook, Sublime Text, Visual Studio 2019","Sometimes I may use the autocomplete",FALSE,5,4.75,0.25,4.75,0.25
"168","3290155d5f39c2cece41ce216eecac62",167,"task1","task1-2",1,1,100,2,0,0,31,"Software Engineer",4,4,5,5,5,2,2,4,2,"VS Code, Jupyter Notebook, Sublime Text, Visual Studio 2019","Sometimes I may use the autocomplete",TRUE,5,4.75,0.25,4.75,0.25
"169","3290155d5f39c2cece41ce216eecac62",168,"task2","task2-1",1,3,95.0775506816164,13,0.5,1,31,"Software Engineer",4,4,5,5,5,2,2,4,2,"VS Code, Jupyter Notebook, Sublime Text, Visual Studio 2019","Sometimes I may use the autocomplete",TRUE,5,4.75,0.25,4.75,0.25
"170","3290155d5f39c2cece41ce216eecac62",169,"task2","task2-2",0,3,79.2828342830623,17,0.666666666666667,8,31,"Software Engineer",4,4,5,5,5,2,2,4,2,"VS Code, Jupyter Notebook, Sublime Text, Visual Studio 2019","Sometimes I may use the autocomplete",FALSE,5,4.75,0.25,4.75,0.25
"171","3290155d5f39c2cece41ce216eecac62",170,"task3","task3-1",1,17,56.3272112727775,44,1.0952380952381,412.577046608447,31,"Software Engineer",4,4,5,5,5,2,2,4,2,"VS Code, Jupyter Notebook, Sublime Text, Visual Studio 2019","Sometimes I may use the autocomplete",TRUE,5,4.75,0.25,4.75,0.25
"172","3290155d5f39c2cece41ce216eecac62",171,"task3","task3-2",0,13,62.9561502323263,42,1,151.303762523798,31,"Software Engineer",4,4,5,5,5,2,2,4,2,"VS Code, Jupyter Notebook, Sublime Text, Visual Studio 2019","Sometimes I may use the autocomplete",FALSE,5,4.75,0.25,4.75,0.25
"173","3290155d5f39c2cece41ce216eecac62",172,"task6","task6-1",1,50,35.4725973162296,151,12.1290322580645,17485.4950387979,31,"Software Engineer",4,4,5,5,5,2,2,4,2,"VS Code, Jupyter Notebook, Sublime Text, Visual Studio 2019","Sometimes I may use the autocomplete",TRUE,4,4.75,-0.75,4.75,-0.75
"174","3290155d5f39c2cece41ce216eecac62",173,"task6","task6-2",0,2,65.1277288027106,16,1,15.5097750043269,31,"Software Engineer",4,4,5,5,5,2,2,4,2,"VS Code, Jupyter Notebook, Sublime Text, Visual Studio 2019","Sometimes I may use the autocomplete",FALSE,4,4.75,-0.75,4.75,-0.75
"183","baff2a3b41189071a80cebf6fdc239e3",182,"task1","task1-1",0,8,55.2193039185082,35,1,27,32,"Software Engineer",4,4,5,5,4,2,2,4,3,"Vim, VS Code, Jupyter Notebook, Sublime Text, Nano","No",FALSE,5,4.5,0.5,4.5,0.5
"184","baff2a3b41189071a80cebf6fdc239e3",183,"task1","task1-2",1,1,97.8685337249566,3,0.5,2.37744375108173,32,"Software Engineer",4,4,5,5,4,2,2,4,3,"Vim, VS Code, Jupyter Notebook, Sublime Text, Nano","No",TRUE,5,4.5,0.5,4.5,0.5
"185","baff2a3b41189071a80cebf6fdc239e3",184,"task2","task2-1",0,2,75.8092141254881,10,0.5,1,32,"Software Engineer",4,4,5,5,4,2,2,4,3,"Vim, VS Code, Jupyter Notebook, Sublime Text, Nano","No",FALSE,5,4.5,0.5,4.5,0.5
"186","baff2a3b41189071a80cebf6fdc239e3",185,"task2","task2-2",1,2,66.2200158978324,13,1.25,25.8496250072116,32,"Software Engineer",4,4,5,5,4,2,2,4,3,"Vim, VS Code, Jupyter Notebook, Sublime Text, Nano","No",TRUE,5,4.5,0.5,4.5,0.5
"187","baff2a3b41189071a80cebf6fdc239e3",186,"task3","task3-1",0,6,58.2420151565105,15,0.666666666666667,101.950260322646,32,"Software Engineer",4,4,5,5,4,2,2,4,3,"Vim, VS Code, Jupyter Notebook, Sublime Text, Nano","No",FALSE,4,4.5,-0.5,4.5,-0.5
"188","baff2a3b41189071a80cebf6fdc239e3",187,"task3","task3-2",1,9,49.1995417365616,36,2.16666666666667,371.150822224805,32,"Software Engineer",4,4,5,5,4,2,2,4,3,"Vim, VS Code, Jupyter Notebook, Sublime Text, Nano","No",TRUE,4,4.5,-0.5,4.5,-0.5
"189","baff2a3b41189071a80cebf6fdc239e3",188,"task6","task6-1",1,7,68.9235341693291,35,2.5,183.935827856265,32,"Software Engineer",4,4,5,5,4,2,2,4,3,"Vim, VS Code, Jupyter Notebook, Sublime Text, Nano","No",TRUE,4,4.5,-0.5,4.5,-0.5
"190","baff2a3b41189071a80cebf6fdc239e3",189,"task6","task6-2",0,2,69.9880534903668,14,0.5,2.37744375108173,32,"Software Engineer",4,4,5,5,4,2,2,4,3,"Vim, VS Code, Jupyter Notebook, Sublime Text, Nano","No",FALSE,4,4.5,-0.5,4.5,-0.5
"191","eb54774fe018001b25b8c31133f13bc9",190,"task1","task1-1",1,5,96.2025949033921,12,0.5,2.37744375108173,33,"Software Engineer",4,4,5,5,3,3,3,4,4,"Sublime Text, Notepad++","No",TRUE,5,4.5,0.5,4.5,0.5
"192","eb54774fe018001b25b8c31133f13bc9",191,"task1","task1-2",0,1,95.9897603613423,5,0.5,25.9457371397797,33,"Software Engineer",4,4,5,5,3,3,3,4,4,"Sublime Text, Notepad++","No",FALSE,5,4.5,0.5,4.5,0.5
"193","eb54774fe018001b25b8c31133f13bc9",192,"task2","task2-1",0,3,93.4921538471878,10,0.5,1,33,"Software Engineer",4,4,5,5,3,3,3,4,4,"Sublime Text, Notepad++","No",FALSE,5,4.5,0.5,4.5,0.5
"194","eb54774fe018001b25b8c31133f13bc9",193,"task2","task2-2",1,4,90.4824032423303,13,1.25,25.8496250072116,33,"Software Engineer",4,4,5,5,3,3,3,4,4,"Sublime Text, Notepad++","No",TRUE,5,4.5,0.5,4.5,0.5
"195","eb54774fe018001b25b8c31133f13bc9",194,"task6","task6-1",0,6,69.4599012892451,30,3.875,934.170669461102,33,"Software Engineer",4,4,5,5,3,3,3,4,4,"Sublime Text, Notepad++","No",FALSE,4,4.5,-0.5,4.5,-0.5
"196","eb54774fe018001b25b8c31133f13bc9",195,"task6","task6-2",1,2,94.9213380728488,9,1,39.8631371386484,33,"Software Engineer",4,4,5,5,3,3,3,4,4,"Sublime Text, Notepad++","No",TRUE,4,4.5,-0.5,4.5,-0.5
"197","eb54774fe018001b25b8c31133f13bc9",196,"task7","task7-1",0,3,93.333397291552,25,0.5,2.37744375108173,33,"Software Engineer",4,4,5,5,3,3,3,4,4,"Sublime Text, Notepad++","No",FALSE,4,4.5,-0.5,4.5,-0.5
"198","eb54774fe018001b25b8c31133f13bc9",197,"task7","task7-2",1,4,69.5180514547041,64,3.23076923076923,542.769230769231,33,"Software Engineer",4,4,5,5,3,3,3,4,4,"Sublime Text, Notepad++","No",TRUE,4,4.5,-0.5,4.5,-0.5
"199","2287fbb738654ee8436be1a74b1efab7",198,"task1","task1-1",0,5,100,17,0,0,44,"Software Engineer",4,4,4,4,4,3,4,4,3,"Vim, Sublime Text, Notepad++","No",FALSE,4,4,0,4,0
"200","2287fbb738654ee8436be1a74b1efab7",199,"task1","task1-2",1,1,100,7,0.5,2.37744375108173,44,"Software Engineer",4,4,4,4,4,3,4,4,3,"Vim, Sublime Text, Notepad++","No",TRUE,4,4,0,4,0
"201","2287fbb738654ee8436be1a74b1efab7",200,"task2","task2-1",1,3,96.1335372559181,19,0.5,2.37744375108173,44,"Software Engineer",4,4,4,4,4,3,4,4,3,"Vim, Sublime Text, Notepad++","No",TRUE,4,4,0,4,0
"202","2287fbb738654ee8436be1a74b1efab7",201,"task2","task2-2",0,3,78.3771105651744,18,0.666666666666667,8,44,"Software Engineer",4,4,4,4,4,3,4,4,3,"Vim, Sublime Text, Notepad++","No",FALSE,4,4,0,4,0
"203","2287fbb738654ee8436be1a74b1efab7",202,"task3","task3-1",1,9,74.2190911028012,30,0.620689655172414,164.465436514879,44,"Software Engineer",4,4,4,4,4,3,4,4,3,"Vim, Sublime Text, Notepad++","No",TRUE,4,4,0,4,0
"204","2287fbb738654ee8436be1a74b1efab7",203,"task3","task3-2",0,7,65.4583853586324,27,1.33333333333333,121.835357505843,44,"Software Engineer",4,4,4,4,4,3,4,4,3,"Vim, Sublime Text, Notepad++","No",FALSE,4,4,0,4,0
"205","2287fbb738654ee8436be1a74b1efab7",204,"task5","task5-1",0,1,100,7,0,0,44,"Software Engineer",4,4,4,4,4,3,4,4,3,"Vim, Sublime Text, Notepad++","No",FALSE,4,4,0,4,0
"206","2287fbb738654ee8436be1a74b1efab7",205,"task5","task5-2",1,5,67.8424150713555,20,2.24,457.038852021602,44,"Software Engineer",4,4,4,4,4,3,4,4,3,"Vim, Sublime Text, Notepad++","No",TRUE,4,4,0,4,0
"215","27570bb3cfcc304aeede0cdf6c2e2762",214,"task1","task1-1",1,3,100,15,0,0,54,"Software Engineer",4,4,5,5,3,1,1,3,3,"PyCharm, Jupyter Notebook","no",TRUE,5,4,1,4,1
"216","27570bb3cfcc304aeede0cdf6c2e2762",215,"task1","task1-2",0,1,100,5,0,0,54,"Software Engineer",4,4,5,5,3,1,1,3,3,"PyCharm, Jupyter Notebook","no",FALSE,5,4,1,4,1
"217","27570bb3cfcc304aeede0cdf6c2e2762",216,"task2","task2-1",1,3,86.6897714530051,10,1,116.692058561959,54,"Software Engineer",4,4,5,5,3,1,1,3,3,"PyCharm, Jupyter Notebook","no",TRUE,5,4,1,4,1
"218","27570bb3cfcc304aeede0cdf6c2e2762",217,"task2","task2-2",0,11,73.7877935548416,36,3,193.587975038942,54,"Software Engineer",4,4,5,5,3,1,1,3,3,"PyCharm, Jupyter Notebook","no",FALSE,5,4,1,4,1
"219","27570bb3cfcc304aeede0cdf6c2e2762",218,"task3","task3-1",1,7,71.3256802301058,34,2.66666666666667,106.301699036396,54,"Software Engineer",4,4,5,5,3,1,1,3,3,"PyCharm, Jupyter Notebook","no",TRUE,3,4,-1,4,-1
"220","27570bb3cfcc304aeede0cdf6c2e2762",219,"task3","task3-2",0,7,65.1885186290233,33,1.14285714285714,43.4732571626374,54,"Software Engineer",4,4,5,5,3,1,1,3,3,"PyCharm, Jupyter Notebook","no",FALSE,3,4,-1,4,-1
"221","27570bb3cfcc304aeede0cdf6c2e2762",220,"task6","task6-1",1,1,76.8599628159178,40,2,86.0391000173078,54,"Software Engineer",4,4,5,5,3,1,1,3,3,"PyCharm, Jupyter Notebook","no",TRUE,3,4,-1,4,-1
"222","27570bb3cfcc304aeede0cdf6c2e2762",221,"task6","task6-2",0,1,95.3707993120364,15,0.5,2.37744375108173,54,"Software Engineer",4,4,5,5,3,1,1,3,3,"PyCharm, Jupyter Notebook","no",FALSE,3,4,-1,4,-1
"223","32a93c18dfe238311ad0b9add6a071d6",222,"task1","task1-1",0,4,83.5144709338775,14,1,8,57,"Student (computer science)",4,4,5,4,2,2,2,3,3,"PyCharm","Standard plugins for Pycharm",FALSE,5,3.75,1.25,3.75,1.25
"224","32a93c18dfe238311ad0b9add6a071d6",223,"task1","task1-2",1,1,100,5,0.5,2.37744375108173,57,"Student (computer science)",4,4,5,4,2,2,2,3,3,"PyCharm","Standard plugins for Pycharm",TRUE,5,3.75,1.25,3.75,1.25
"225","32a93c18dfe238311ad0b9add6a071d6",224,"task2","task2-1",0,1,100,4,0,0,57,"Student (computer science)",4,4,5,4,2,2,2,3,3,"PyCharm","Standard plugins for Pycharm",FALSE,4,3.75,0.25,3.75,0.25
"226","32a93c18dfe238311ad0b9add6a071d6",225,"task2","task2-2",1,13,58.9030802869159,38,2.4,285.460728903409,57,"Student (computer science)",4,4,5,4,2,2,2,3,3,"PyCharm","Standard plugins for Pycharm",TRUE,4,3.75,0.25,3.75,0.25
"227","32a93c18dfe238311ad0b9add6a071d6",226,"task6","task6-1",0,1,59.1429871369435,22,2,86.0391000173078,57,"Student (computer science)",4,4,5,4,2,2,2,3,3,"PyCharm","Standard plugins for Pycharm",FALSE,3,3.75,-0.75,3.75,-0.75
"228","32a93c18dfe238311ad0b9add6a071d6",227,"task6","task6-2",1,2,66.1468050977631,21,0.5,2.37744375108173,57,"Student (computer science)",4,4,5,4,2,2,2,3,3,"PyCharm","Standard plugins for Pycharm",TRUE,3,3.75,-0.75,3.75,-0.75
"229","32a93c18dfe238311ad0b9add6a071d6",228,"task7","task7-1",0,1,100,10,0,0,57,"Student (computer science)",4,4,5,4,2,2,2,3,3,"PyCharm","Standard plugins for Pycharm",FALSE,3,3.75,-0.75,3.75,-0.75
"230","32a93c18dfe238311ad0b9add6a071d6",229,"task7","task7-2",1,3,52.4907733445322,27,2.84090909090909,526.819922114703,57,"Student (computer science)",4,4,5,4,2,2,2,3,3,"PyCharm","Standard plugins for Pycharm",TRUE,3,3.75,-0.75,3.75,-0.75
"239","844088c7077d499fa3533250ae504e7f",238,"task1","task1-1",1,4,69.7190476424135,14,0.5,2.37744375108173,16,"Student (computer science)",3,3,5,3,3,3,2,1,1,"Vim","TabNine for autocompletion",TRUE,5,3.5,1.5,3.5,1.5
"240","844088c7077d499fa3533250ae504e7f",239,"task1","task1-2",1,1,100,4,0.5,2.37744375108173,16,"Student (computer science)",3,3,5,3,3,3,2,1,1,"Vim","TabNine for autocompletion",TRUE,5,3.5,1.5,3.5,1.5
"241","844088c7077d499fa3533250ae504e7f",240,"task2","task2-1",1,3,85.4390465837271,13,1,8,16,"Student (computer science)",3,3,5,3,3,3,2,1,1,"Vim","TabNine for autocompletion",TRUE,3,3.5,-0.5,3.5,-0.5
"242","844088c7077d499fa3533250ae504e7f",241,"task2","task2-2",1,5,100,16,0,0,16,"Student (computer science)",3,3,5,3,3,3,2,1,1,"Vim","TabNine for autocompletion",TRUE,3,3.5,-0.5,3.5,-0.5
"243","844088c7077d499fa3533250ae504e7f",242,"task3","task3-1",0,4,72.3525765621761,14,0.5,1,16,"Student (computer science)",3,3,5,3,3,3,2,1,1,"Vim","TabNine for autocompletion",FALSE,3,3.5,-0.5,3.5,-0.5
"244","844088c7077d499fa3533250ae504e7f",243,"task3","task3-2",1,11,57.005680523565,21,1.2,77.435190015577,16,"Student (computer science)",3,3,5,3,3,3,2,1,1,"Vim","TabNine for autocompletion",TRUE,3,3.5,-0.5,3.5,-0.5
"245","844088c7077d499fa3533250ae504e7f",244,"task4","task4-1",0,7,63.3393748976618,18,1,15.5097750043269,16,"Student (computer science)",3,3,5,3,3,3,2,1,1,"Vim","TabNine for autocompletion",FALSE,3,3.5,-0.5,3.5,-0.5
"246","844088c7077d499fa3533250ae504e7f",245,"task4","task4-2",1,7,68.8616948893584,24,2.5,133.257422272016,16,"Student (computer science)",3,3,5,3,3,3,2,1,1,"Vim","TabNine for autocompletion",TRUE,3,3.5,-0.5,3.5,-0.5
"247","15764ad439feafda6f35578b7f6253df",246,"task1","task1-1",0,8,71.6023669820498,20,1.11111111111111,57.657193643955,50,"Student (other field)",4,4,4,3,2,3,1,4,3,"PyCharm, Jupyter Notebook","No",FALSE,4,3.5,0.5,3.5,0.5
"248","15764ad439feafda6f35578b7f6253df",247,"task1","task1-2",1,1,100,3,0,0,50,"Student (other field)",4,4,4,3,2,3,1,4,3,"PyCharm, Jupyter Notebook","No",TRUE,4,3.5,0.5,3.5,0.5
"249","15764ad439feafda6f35578b7f6253df",248,"task2","task2-1",0,1,100,6,0,0,50,"Student (other field)",4,4,4,3,2,3,1,4,3,"PyCharm, Jupyter Notebook","No",FALSE,3,3.5,-0.5,3.5,-0.5
"250","15764ad439feafda6f35578b7f6253df",249,"task2","task2-2",1,1,100,14,0,0,50,"Student (other field)",4,4,4,3,2,3,1,4,3,"PyCharm, Jupyter Notebook","No",TRUE,3,3.5,-0.5,3.5,-0.5
"251","15764ad439feafda6f35578b7f6253df",250,"task4","task4-1",0,7,68.6971080796532,27,1.6,53.901214503506,50,"Student (other field)",4,4,4,3,2,3,1,4,3,"PyCharm, Jupyter Notebook","No",FALSE,3,3.5,-0.5,3.5,-0.5
"252","15764ad439feafda6f35578b7f6253df",251,"task4","task4-2",1,2,85.5639780363779,16,1,11.6096404744368,50,"Student (other field)",4,4,4,3,2,3,1,4,3,"PyCharm, Jupyter Notebook","No",TRUE,3,3.5,-0.5,3.5,-0.5
"253","15764ad439feafda6f35578b7f6253df",252,"task6","task6-1",1,1,74.5823909994005,18,2.5,146.508397335319,50,"Student (other field)",4,4,4,3,2,3,1,4,3,"PyCharm, Jupyter Notebook","No",TRUE,4,3.5,0.5,3.5,0.5
"254","15764ad439feafda6f35578b7f6253df",253,"task6","task6-2",0,1,59.6128213345814,42,5.5,575.34138776178,50,"Student (other field)",4,4,4,3,2,3,1,4,3,"PyCharm, Jupyter Notebook","No",FALSE,4,3.5,0.5,3.5,0.5
"255","2ceafaf6a21d6cb6495038b38ab72061",254,"task1","task1-1",0,7,83.5697664361973,15,0.5,2.37744375108173,2,"Student (computer science)",4,4,5,4,4,1,1,4,3,"VS Code, PyCharm, Jupyter Notebook","No",FALSE,5,4.25,0.75,4.25,0.75
"256","2ceafaf6a21d6cb6495038b38ab72061",255,"task1","task1-2",1,1,100,4,0.5,2.37744375108173,2,"Student (computer science)",4,4,5,4,4,1,1,4,3,"VS Code, PyCharm, Jupyter Notebook","No",TRUE,5,4.25,0.75,4.25,0.75
"257","2ceafaf6a21d6cb6495038b38ab72061",256,"task2","task2-1",1,1,100,6,0.5,1,2,"Student (computer science)",4,4,5,4,4,1,1,4,3,"VS Code, PyCharm, Jupyter Notebook","No",TRUE,4,4.25,-0.25,4.25,-0.25
"258","2ceafaf6a21d6cb6495038b38ab72061",257,"task2","task2-2",1,3,81.6357864716873,14,1,15.5097750043269,2,"Student (computer science)",4,4,5,4,4,1,1,4,3,"VS Code, PyCharm, Jupyter Notebook","No",TRUE,4,4.25,-0.25,4.25,-0.25
"259","2ceafaf6a21d6cb6495038b38ab72061",258,"task3","task3-1",1,5,85.8608836352413,16,0.5,1,2,"Student (computer science)",4,4,5,4,4,1,1,4,3,"VS Code, PyCharm, Jupyter Notebook","No",TRUE,4,4.25,-0.25,4.25,-0.25
"260","2ceafaf6a21d6cb6495038b38ab72061",259,"task3","task3-2",1,4,79.663435005848,16,0.5,6.96578428466209,2,"Student (computer science)",4,4,5,4,4,1,1,4,3,"VS Code, PyCharm, Jupyter Notebook","No",TRUE,4,4.25,-0.25,4.25,-0.25
"261","2ceafaf6a21d6cb6495038b38ab72061",260,"task6","task6-1",1,14,59.1926293316267,46,3.07692307692308,307.932923183432,2,"Student (computer science)",4,4,5,4,4,1,1,4,3,"VS Code, PyCharm, Jupyter Notebook","No",TRUE,4,4.25,-0.25,4.25,-0.25
"262","2ceafaf6a21d6cb6495038b38ab72061",261,"task6","task6-2",1,3,100,22,0,0,2,"Student (computer science)",4,4,5,4,4,1,1,4,3,"VS Code, PyCharm, Jupyter Notebook","No",TRUE,4,4.25,-0.25,4.25,-0.25
"266","138ca13c6ba8814e8e4aea9853d66b69",265,"task1","task1-1",1,8,94.5056036041105,21,0.5,2.37744375108173,5,"Student (computer science)",4,4,4,4,3,2,1,3,3,"Atom","Linting",TRUE,4,4,0,4,0
"267","138ca13c6ba8814e8e4aea9853d66b69",266,"task1","task1-2",0,1,100,3,0,0,5,"Student (computer science)",4,4,4,4,3,2,1,3,3,"Atom","Linting",FALSE,4,4,0,4,0
"268","138ca13c6ba8814e8e4aea9853d66b69",267,"task2","task2-1",0,2,96.6839412498425,12,0.5,1,5,"Student (computer science)",4,4,4,4,3,2,1,3,3,"Atom","Linting",FALSE,4,4,0,4,0
"269","138ca13c6ba8814e8e4aea9853d66b69",268,"task2","task2-2",1,6,79.8887791423994,19,2.4,164.477732632888,5,"Student (computer science)",4,4,4,4,3,2,1,3,3,"Atom","Linting",TRUE,4,4,0,4,0
"270","67e86a0cb1f9b6cae0e8d6c4b24711de",269,"task1","task1-1",0,4,81.1790684549755,12,1,39.8631371386484,13,"Student (computer science)",5,5,5,5,5,3,4,5,5,"Vim, VS Code","no",FALSE,5,5,0,5,0
"271","67e86a0cb1f9b6cae0e8d6c4b24711de",270,"task1","task1-2",1,1,100,5,0,0,13,"Student (computer science)",5,5,5,5,5,3,4,5,5,"Vim, VS Code","no",TRUE,5,5,0,5,0
"272","67e86a0cb1f9b6cae0e8d6c4b24711de",271,"task2","task2-1",0,3,87.2411562557836,11,1,11.6096404744368,13,"Student (computer science)",5,5,5,5,5,3,4,5,5,"Vim, VS Code","no",FALSE,5,5,0,5,0
"273","67e86a0cb1f9b6cae0e8d6c4b24711de",272,"task2","task2-2",1,7,58.7701458373694,20,2.25,112.926318772716,13,"Student (computer science)",5,5,5,5,5,3,4,5,5,"Vim, VS Code","no",TRUE,5,5,0,5,0
"274","67e86a0cb1f9b6cae0e8d6c4b24711de",273,"task3","task3-1",0,4,100,11,0,0,13,"Student (computer science)",5,5,5,5,5,3,4,5,5,"Vim, VS Code","no",FALSE,5,5,0,5,0
"275","67e86a0cb1f9b6cae0e8d6c4b24711de",274,"task3","task3-2",1,9,69.8168099372217,26,1.5,36,13,"Student (computer science)",5,5,5,5,5,3,4,5,5,"Vim, VS Code","no",TRUE,5,5,0,5,0
"276","67e86a0cb1f9b6cae0e8d6c4b24711de",275,"task6","task6-1",0,2,66.8556231063474,27,2.72727272727273,196.363636363636,13,"Student (computer science)",5,5,5,5,5,3,4,5,5,"Vim, VS Code","no",FALSE,5,5,0,5,0
"277","67e86a0cb1f9b6cae0e8d6c4b24711de",276,"task6","task6-2",1,3,73.3586399691298,22,1.8,48.6,13,"Student (computer science)",5,5,5,5,5,3,4,5,5,"Vim, VS Code","no",TRUE,5,5,0,5,0
"278","7ff9938c47bd8fb571d43b13872e6182",277,"task1","task1-1",1,5,100,23,0,0,42,"Software Engineer",4,4,5,3,3,1,2,5,4,"PyCharm, Jupyter Notebook","No",TRUE,5,4.25,0.75,4.25,0.75
"279","7ff9938c47bd8fb571d43b13872e6182",278,"task1","task1-2",0,17,62.9038037875167,21,4.73684210526316,2249.86050389105,42,"Software Engineer",4,4,5,3,3,1,2,5,4,"PyCharm, Jupyter Notebook","No",FALSE,5,4.25,0.75,4.25,0.75
"280","7ff9938c47bd8fb571d43b13872e6182",279,"task2","task2-1",1,1,100,5,0,0,42,"Software Engineer",4,4,5,3,3,1,2,5,4,"PyCharm, Jupyter Notebook","No",TRUE,3,4.25,-1.25,4.25,-1.25
"281","7ff9938c47bd8fb571d43b13872e6182",280,"task2","task2-2",0,1,100,22,0,0,42,"Software Engineer",4,4,5,3,3,1,2,5,4,"PyCharm, Jupyter Notebook","No",FALSE,3,4.25,-1.25,4.25,-1.25
"282","7ff9938c47bd8fb571d43b13872e6182",281,"task6","task6-1",1,1,67.0891008292282,37,1,15.5097750043269,42,"Software Engineer",4,4,5,3,3,1,2,5,4,"PyCharm, Jupyter Notebook","No",TRUE,5,4.25,0.75,4.25,0.75
"283","7ff9938c47bd8fb571d43b13872e6182",282,"task6","task6-2",0,2,80.0422264262103,20,0.5,1,42,"Software Engineer",4,4,5,3,3,1,2,5,4,"PyCharm, Jupyter Notebook","No",FALSE,5,4.25,0.75,4.25,0.75
"284","7ff9938c47bd8fb571d43b13872e6182",283,"task7","task7-1",1,1,100,14,0,0,42,"Software Engineer",4,4,5,3,3,1,2,5,4,"PyCharm, Jupyter Notebook","No",TRUE,4,4.25,-0.25,4.25,-0.25
"285","7ff9938c47bd8fb571d43b13872e6182",284,"task7","task7-2",0,1,100,19,0,0,42,"Software Engineer",4,4,5,3,3,1,2,5,4,"PyCharm, Jupyter Notebook","No",FALSE,4,4.25,-0.25,4.25,-0.25
"294","0ed2dff1d23b0de1cfcf9edb0ba35b1c",293,"task1","task1-1",0,6,87.3759402032246,12,0.5,2.37744375108173,0,"Student (computer science)",5,4,5,4,3,3,3,4,3,"PyCharm","I use Mypy for static type checking. Not exactly for improving efficiency, but it reduces the probability of encountering bugs.",FALSE,5,3.8,1.2,3.8,1.2
"295","0ed2dff1d23b0de1cfcf9edb0ba35b1c",294,"task1","task1-2",1,2,96.308191079987,6,1,15.5097750043269,0,"Student (computer science)",5,4,5,4,3,3,3,4,3,"PyCharm","I use Mypy for static type checking. Not exactly for improving efficiency, but it reduces the probability of encountering bugs.",TRUE,5,3.8,1.2,3.8,1.2
"296","0ed2dff1d23b0de1cfcf9edb0ba35b1c",295,"task2","task2-1",1,4,77.4351423809801,17,1.5,36,0,"Student (computer science)",5,4,5,4,3,3,3,4,3,"PyCharm","I use Mypy for static type checking. Not exactly for improving efficiency, but it reduces the probability of encountering bugs.",TRUE,4,3.8,0.2,3.8,0.2
"297","0ed2dff1d23b0de1cfcf9edb0ba35b1c",296,"task2","task2-2",0,5,78.8598291016874,15,1.5,42.7939875194712,0,"Student (computer science)",5,4,5,4,3,3,3,4,3,"PyCharm","I use Mypy for static type checking. Not exactly for improving efficiency, but it reduces the probability of encountering bugs.",FALSE,4,3.8,0.2,3.8,0.2
"298","0ed2dff1d23b0de1cfcf9edb0ba35b1c",297,"task3","task3-1",1,5,80.9232010840001,18,0.5,2.37744375108173,0,"Student (computer science)",5,4,5,4,3,3,3,4,3,"PyCharm","I use Mypy for static type checking. Not exactly for improving efficiency, but it reduces the probability of encountering bugs.",TRUE,3,3.8,-0.8,3.8,-0.8
"299","0ed2dff1d23b0de1cfcf9edb0ba35b1c",298,"task3","task3-2",0,9,72.1836960634744,28,2.4,164.477732632888,0,"Student (computer science)",5,4,5,4,3,3,3,4,3,"PyCharm","I use Mypy for static type checking. Not exactly for improving efficiency, but it reduces the probability of encountering bugs.",FALSE,3,3.8,-0.8,3.8,-0.8
"300","0ed2dff1d23b0de1cfcf9edb0ba35b1c",299,"task6","task6-1",1,2,66.5203979548848,29,4.23529411764706,531.038613701298,0,"Student (computer science)",5,4,5,4,3,3,3,4,3,"PyCharm","I use Mypy for static type checking. Not exactly for improving efficiency, but it reduces the probability of encountering bugs.",TRUE,4,3.8,0.2,3.8,0.2
"301","0ed2dff1d23b0de1cfcf9edb0ba35b1c",300,"task6","task6-2",1,6,72.0679265487991,23,1.5,36,0,"Student (computer science)",5,4,5,4,3,3,3,4,3,"PyCharm","I use Mypy for static type checking. Not exactly for improving efficiency, but it reduces the probability of encountering bugs.",TRUE,4,3.8,0.2,3.8,0.2
"302","0ed2dff1d23b0de1cfcf9edb0ba35b1c",301,"task7","task7-1",1,3,83.0668961818748,16,0.5,2.37744375108173,0,"Student (computer science)",5,4,5,4,3,3,3,4,3,"PyCharm","I use Mypy for static type checking. Not exactly for improving efficiency, but it reduces the probability of encountering bugs.",TRUE,3,3.8,-0.8,3.8,-0.8
"303","0ed2dff1d23b0de1cfcf9edb0ba35b1c",302,"task7","task7-2",1,6,67.2180735529996,25,2.36363636363636,184.689373610585,0,"Student (computer science)",5,4,5,4,3,3,3,4,3,"PyCharm","I use Mypy for static type checking. Not exactly for improving efficiency, but it reduces the probability of encountering bugs.",TRUE,3,3.8,-0.8,3.8,-0.8
"304","34b1ef17e6625ba2350f6f1c169591a1",303,"task1","task1-1",1,4,100,15,0,0,12,"Student (computer science)",4,4,5,4,4,3,3,5,5,"VS Code, PyCharm, Jupyter Notebook","No",TRUE,5,4.75,0.25,4.75,0.25
"305","34b1ef17e6625ba2350f6f1c169591a1",304,"task1","task1-2",0,1,95.2518913894979,6,0.5,2.37744375108173,12,"Student (computer science)",4,4,5,4,4,3,3,5,5,"VS Code, PyCharm, Jupyter Notebook","No",FALSE,5,4.75,0.25,4.75,0.25
"306","34b1ef17e6625ba2350f6f1c169591a1",305,"task2","task2-1",0,1,100,8,0.5,1,12,"Student (computer science)",4,4,5,4,4,3,3,5,5,"VS Code, PyCharm, Jupyter Notebook","No",FALSE,4,4.75,-0.75,4.75,-0.75
"307","34b1ef17e6625ba2350f6f1c169591a1",306,"task2","task2-2",1,6,72.2905824115072,19,2.0625,121.29632112847,12,"Student (computer science)",4,4,5,4,4,3,3,5,5,"VS Code, PyCharm, Jupyter Notebook","No",TRUE,4,4.75,-0.75,4.75,-0.75
"308","34b1ef17e6625ba2350f6f1c169591a1",307,"task6","task6-1",1,1,68.8037694810232,22,3,225.175950077885,12,"Student (computer science)",4,4,5,4,4,3,3,5,5,"VS Code, PyCharm, Jupyter Notebook","No",TRUE,5,4.75,0.25,4.75,0.25
"309","34b1ef17e6625ba2350f6f1c169591a1",308,"task6","task6-2",0,2,87.7924316296252,13,0.5,2.37744375108173,12,"Student (computer science)",4,4,5,4,4,3,3,5,5,"VS Code, PyCharm, Jupyter Notebook","No",FALSE,5,4.75,0.25,4.75,0.25
"310","34b1ef17e6625ba2350f6f1c169591a1",309,"task7","task7-1",0,1,100,22,0,0,12,"Student (computer science)",4,4,5,4,4,3,3,5,5,"VS Code, PyCharm, Jupyter Notebook","No",FALSE,5,4.75,0.25,4.75,0.25
"311","34b1ef17e6625ba2350f6f1c169591a1",310,"task7","task7-2",1,2,55.4546790525468,46,4.5,1128.45705411526,12,"Student (computer science)",4,4,5,4,4,3,3,5,5,"VS Code, PyCharm, Jupyter Notebook","No",TRUE,5,4.75,0.25,4.75,0.25
"312","c4196119198c1bd6dce9ad020501698d",311,"task1","task1-1",1,3,100,10,0,0,1,"Student (computer science)",4,4,5,5,4,1,2,5,3,"PyCharm, Jupyter Notebook","Google search",TRUE,5,5,0,5,0
"313","c4196119198c1bd6dce9ad020501698d",312,"task1","task1-2",0,1,100,5,0.5,2.37744375108173,1,"Student (computer science)",4,4,5,5,4,1,2,5,3,"PyCharm, Jupyter Notebook","Google search",FALSE,5,5,0,5,0
"314","c4196119198c1bd6dce9ad020501698d",313,"task2","task2-1",0,2,98.552766436596,8,0.5,1,1,"Student (computer science)",4,4,5,5,4,1,2,5,3,"PyCharm, Jupyter Notebook","Google search",FALSE,5,5,0,5,0
"315","c4196119198c1bd6dce9ad020501698d",314,"task2","task2-2",1,5,71.1439840992486,25,1,22.4588393764608,1,"Student (computer science)",4,4,5,5,4,1,2,5,3,"PyCharm, Jupyter Notebook","Google search",TRUE,5,5,0,5,0
