"","user","category","task","score","use_plugin","X1","occupation","programming_experience","python_experience","task1","task2","task3","task4","task5","task6","task7","ide","other_tools","uses_plugin","task_experience","task_experience_between","task_experience_within","task_experience_btw","task_experience_wi"
"1","fd9d2d83c74acfbdeb44b35e7e0d1b1f","task1","task1-1",6,1,22,"Researcher",5,5,5,4,4,3,3,4,4,"VS Code, PyCharm, Jupyter Notebook","No",TRUE,5,4.25,0.75,4.25,0.75
"2","fd9d2d83c74acfbdeb44b35e7e0d1b1f","task2","task2-2",10,1,22,"Researcher",5,5,5,4,4,3,3,4,4,"VS Code, PyCharm, Jupyter Notebook","No",TRUE,4,4.25,-0.25,4.25,-0.25
"3","fd9d2d83c74acfbdeb44b35e7e0d1b1f","task1","task1-2",4,0,22,"Researcher",5,5,5,4,4,3,3,4,4,"VS Code, PyCharm, Jupyter Notebook","No",FALSE,5,4.25,0.75,4.25,0.75
"4","fd9d2d83c74acfbdeb44b35e7e0d1b1f","task3","task3-2",6,1,22,"Researcher",5,5,5,4,4,3,3,4,4,"VS Code, PyCharm, Jupyter Notebook","No",TRUE,4,4.25,-0.25,4.25,-0.25
"5","fd9d2d83c74acfbdeb44b35e7e0d1b1f","task2","task2-1",10,0,22,"Researcher",5,5,5,4,4,3,3,4,4,"VS Code, PyCharm, Jupyter Notebook","No",FALSE,4,4.25,-0.25,4.25,-0.25
"6","fd9d2d83c74acfbdeb44b35e7e0d1b1f","task3","task3-1",9,0,22,"Researcher",5,5,5,4,4,3,3,4,4,"VS Code, PyCharm, Jupyter Notebook","No",FALSE,4,4.25,-0.25,4.25,-0.25
"7","fd9d2d83c74acfbdeb44b35e7e0d1b1f","task6","task6-2",8,1,22,"Researcher",5,5,5,4,4,3,3,4,4,"VS Code, PyCharm, Jupyter Notebook","No",TRUE,4,4.25,-0.25,4.25,-0.25
"8","fd9d2d83c74acfbdeb44b35e7e0d1b1f","task6","task6-1",9,0,22,"Researcher",5,5,5,4,4,3,3,4,4,"VS Code, PyCharm, Jupyter Notebook","No",FALSE,4,4.25,-0.25,4.25,-0.25
"9","9a6cfe2c7ca82dcb62772e83ed7327db","task1","task1-1",6,1,34,"Software Engineer",4,4,5,3,3,1,1,4,4,"VS Code, Jupyter Notebook, Colab Notebook","No",TRUE,5,4,1,4,1
"10","9a6cfe2c7ca82dcb62772e83ed7327db","task6","task6-1",4,0,34,"Software Engineer",4,4,5,3,3,1,1,4,4,"VS Code, Jupyter Notebook, Colab Notebook","No",FALSE,4,4,0,4,0
"11","9a6cfe2c7ca82dcb62772e83ed7327db","task2","task2-2",10,0,34,"Software Engineer",4,4,5,3,3,1,1,4,4,"VS Code, Jupyter Notebook, Colab Notebook","No",FALSE,3,4,-1,4,-1
"12","9a6cfe2c7ca82dcb62772e83ed7327db","task7","task7-2",3,0,34,"Software Engineer",4,4,5,3,3,1,1,4,4,"VS Code, Jupyter Notebook, Colab Notebook","No",FALSE,4,4,0,4,0
"13","9a6cfe2c7ca82dcb62772e83ed7327db","task6","task6-2",10,1,34,"Software Engineer",4,4,5,3,3,1,1,4,4,"VS Code, Jupyter Notebook, Colab Notebook","No",TRUE,4,4,0,4,0
"14","9a6cfe2c7ca82dcb62772e83ed7327db","task1","task1-2",9,0,34,"Software Engineer",4,4,5,3,3,1,1,4,4,"VS Code, Jupyter Notebook, Colab Notebook","No",FALSE,5,4,1,4,1
"15","9a6cfe2c7ca82dcb62772e83ed7327db","task2","task2-1",10,1,34,"Software Engineer",4,4,5,3,3,1,1,4,4,"VS Code, Jupyter Notebook, Colab Notebook","No",TRUE,3,4,-1,4,-1
"16","9a6cfe2c7ca82dcb62772e83ed7327db","task7","task7-1",7,1,34,"Software Engineer",4,4,5,3,3,1,1,4,4,"VS Code, Jupyter Notebook, Colab Notebook","No",TRUE,4,4,0,4,0
"33","9dd43727b9246d7f2220b94ff43380cf","task5","task5-2",5,0,21,"Software Engineer",4,3,5,2,3,1,3,1,2,"PyCharm, Jupyter Notebook, Sublime Text, Notepad++","No",FALSE,3,3.25,-0.25,3.25,-0.25
"34","9dd43727b9246d7f2220b94ff43380cf","task3","task3-1",1,0,21,"Software Engineer",4,3,5,2,3,1,3,1,2,"PyCharm, Jupyter Notebook, Sublime Text, Notepad++","No",FALSE,3,3.25,-0.25,3.25,-0.25
"35","9dd43727b9246d7f2220b94ff43380cf","task5","task5-1",7,1,21,"Software Engineer",4,3,5,2,3,1,3,1,2,"PyCharm, Jupyter Notebook, Sublime Text, Notepad++","No",TRUE,3,3.25,-0.25,3.25,-0.25
"36","9dd43727b9246d7f2220b94ff43380cf","task3","task3-2",2,1,21,"Software Engineer",4,3,5,2,3,1,3,1,2,"PyCharm, Jupyter Notebook, Sublime Text, Notepad++","No",TRUE,3,3.25,-0.25,3.25,-0.25
"37","9dd43727b9246d7f2220b94ff43380cf","task1","task1-2",8,0,21,"Software Engineer",4,3,5,2,3,1,3,1,2,"PyCharm, Jupyter Notebook, Sublime Text, Notepad++","No",FALSE,5,3.25,1.75,3.25,1.75
"38","9dd43727b9246d7f2220b94ff43380cf","task2","task2-1",5,0,21,"Software Engineer",4,3,5,2,3,1,3,1,2,"PyCharm, Jupyter Notebook, Sublime Text, Notepad++","No",FALSE,2,3.25,-1.25,3.25,-1.25
"39","9dd43727b9246d7f2220b94ff43380cf","task2","task2-2",6,1,21,"Software Engineer",4,3,5,2,3,1,3,1,2,"PyCharm, Jupyter Notebook, Sublime Text, Notepad++","No",TRUE,2,3.25,-1.25,3.25,-1.25
"40","9dd43727b9246d7f2220b94ff43380cf","task1","task1-1",6,1,21,"Software Engineer",4,3,5,2,3,1,3,1,2,"PyCharm, Jupyter Notebook, Sublime Text, Notepad++","No",TRUE,5,3.25,1.75,3.25,1.75
"41","e78bbc00ea23e3688e035426717b63ac","task4","task4-1",4,1,37,"Assistant Manager (programming is a hobby)",3,4,5,4,2,4,2,4,4,"PyCharm","No",TRUE,4,4.25,-0.25,4.25,-0.25
"42","e78bbc00ea23e3688e035426717b63ac","task2","task2-1",8,1,37,"Assistant Manager (programming is a hobby)",3,4,5,4,2,4,2,4,4,"PyCharm","No",TRUE,4,4.25,-0.25,4.25,-0.25
"43","e78bbc00ea23e3688e035426717b63ac","task1","task1-1",6,1,37,"Assistant Manager (programming is a hobby)",3,4,5,4,2,4,2,4,4,"PyCharm","No",TRUE,5,4.25,0.75,4.25,0.75
"44","e78bbc00ea23e3688e035426717b63ac","task6","task6-2",1,0,37,"Assistant Manager (programming is a hobby)",3,4,5,4,2,4,2,4,4,"PyCharm","No",FALSE,4,4.25,-0.25,4.25,-0.25
"45","e78bbc00ea23e3688e035426717b63ac","task1","task1-2",8,0,37,"Assistant Manager (programming is a hobby)",3,4,5,4,2,4,2,4,4,"PyCharm","No",FALSE,5,4.25,0.75,4.25,0.75
"46","e78bbc00ea23e3688e035426717b63ac","task2","task2-2",6,0,37,"Assistant Manager (programming is a hobby)",3,4,5,4,2,4,2,4,4,"PyCharm","No",FALSE,4,4.25,-0.25,4.25,-0.25
"47","e78bbc00ea23e3688e035426717b63ac","task4","task4-2",4,0,37,"Assistant Manager (programming is a hobby)",3,4,5,4,2,4,2,4,4,"PyCharm","No",FALSE,4,4.25,-0.25,4.25,-0.25
"48","e78bbc00ea23e3688e035426717b63ac","task6","task6-1",3,1,37,"Assistant Manager (programming is a hobby)",3,4,5,4,2,4,2,4,4,"PyCharm","No",TRUE,4,4.25,-0.25,4.25,-0.25
"49","0a13493c5f0f9f75a9fa6a576a14984b","task7","task7-1",6,0,58,"Software Engineer",4,4,4,4,3,1,1,1,3,"Jupyter Notebook, Notepad ++","No",FALSE,3,3.5,-0.5,3.5,-0.5
"50","0a13493c5f0f9f75a9fa6a576a14984b","task2","task2-2",6,1,58,"Software Engineer",4,4,4,4,3,1,1,1,3,"Jupyter Notebook, Notepad ++","No",TRUE,4,3.5,0.5,3.5,0.5
"51","0a13493c5f0f9f75a9fa6a576a14984b","task7","task7-2",6,1,58,"Software Engineer",4,4,4,4,3,1,1,1,3,"Jupyter Notebook, Notepad ++","No",TRUE,3,3.5,-0.5,3.5,-0.5
"52","0a13493c5f0f9f75a9fa6a576a14984b","task1","task1-2",8,1,58,"Software Engineer",4,4,4,4,3,1,1,1,3,"Jupyter Notebook, Notepad ++","No",TRUE,4,3.5,0.5,3.5,0.5
"53","0a13493c5f0f9f75a9fa6a576a14984b","task3","task3-1",1,0,58,"Software Engineer",4,4,4,4,3,1,1,1,3,"Jupyter Notebook, Notepad ++","No",FALSE,3,3.5,-0.5,3.5,-0.5
"54","0a13493c5f0f9f75a9fa6a576a14984b","task2","task2-1",10,0,58,"Software Engineer",4,4,4,4,3,1,1,1,3,"Jupyter Notebook, Notepad ++","No",FALSE,4,3.5,0.5,3.5,0.5
"55","0a13493c5f0f9f75a9fa6a576a14984b","task3","task3-2",2,1,58,"Software Engineer",4,4,4,4,3,1,1,1,3,"Jupyter Notebook, Notepad ++","No",TRUE,3,3.5,-0.5,3.5,-0.5
"56","0a13493c5f0f9f75a9fa6a576a14984b","task1","task1-1",6,0,58,"Software Engineer",4,4,4,4,3,1,1,1,3,"Jupyter Notebook, Notepad ++","No",FALSE,4,3.5,0.5,3.5,0.5
"57","a061d03ba2e23bf8f3861f78d7d62248","task2","task2-1",10,1,17,"Researcher",5,4,5,3,3,3,2,5,3,"Vim, Jupyter Notebook","No",TRUE,3,4,-1,4,-1
"58","a061d03ba2e23bf8f3861f78d7d62248","task6","task6-2",2,1,17,"Researcher",5,4,5,3,3,3,2,5,3,"Vim, Jupyter Notebook","No",TRUE,5,4,1,4,1
"59","a061d03ba2e23bf8f3861f78d7d62248","task3","task3-1",9,0,17,"Researcher",5,4,5,3,3,3,2,5,3,"Vim, Jupyter Notebook","No",FALSE,3,4,-1,4,-1
"60","a061d03ba2e23bf8f3861f78d7d62248","task6","task6-1",7,0,17,"Researcher",5,4,5,3,3,3,2,5,3,"Vim, Jupyter Notebook","No",FALSE,5,4,1,4,1
"61","a061d03ba2e23bf8f3861f78d7d62248","task1","task1-2",10,0,17,"Researcher",5,4,5,3,3,3,2,5,3,"Vim, Jupyter Notebook","No",FALSE,5,4,1,4,1
"62","a061d03ba2e23bf8f3861f78d7d62248","task3","task3-2",6,1,17,"Researcher",5,4,5,3,3,3,2,5,3,"Vim, Jupyter Notebook","No",TRUE,3,4,-1,4,-1
"63","a061d03ba2e23bf8f3861f78d7d62248","task2","task2-2",6,0,17,"Researcher",5,4,5,3,3,3,2,5,3,"Vim, Jupyter Notebook","No",FALSE,3,4,-1,4,-1
"64","a061d03ba2e23bf8f3861f78d7d62248","task1","task1-1",5,1,17,"Researcher",5,4,5,3,3,3,2,5,3,"Vim, Jupyter Notebook","No",TRUE,5,4,1,4,1
"65","4d52cf690a039273baca11d5bf55f0a7","task2","task2-2",6,1,24,"Software Engineer",3,4,5,4,4,2,3,3,3,"Vim, Jupyter Notebook","black, flake8, pylint, mypy, vim-surround, vim-unimpaired",TRUE,4,4,0,4,0
"66","4d52cf690a039273baca11d5bf55f0a7","task2","task2-1",8,0,24,"Software Engineer",3,4,5,4,4,2,3,3,3,"Vim, Jupyter Notebook","black, flake8, pylint, mypy, vim-surround, vim-unimpaired",FALSE,4,4,0,4,0
"67","4d52cf690a039273baca11d5bf55f0a7","task3","task3-1",9,1,24,"Software Engineer",3,4,5,4,4,2,3,3,3,"Vim, Jupyter Notebook","black, flake8, pylint, mypy, vim-surround, vim-unimpaired",TRUE,4,4,0,4,0
"68","4d52cf690a039273baca11d5bf55f0a7","task5","task5-1",10,0,24,"Software Engineer",3,4,5,4,4,2,3,3,3,"Vim, Jupyter Notebook","black, flake8, pylint, mypy, vim-surround, vim-unimpaired",FALSE,3,4,-1,4,-1
"69","4d52cf690a039273baca11d5bf55f0a7","task1","task1-2",4,0,24,"Software Engineer",3,4,5,4,4,2,3,3,3,"Vim, Jupyter Notebook","black, flake8, pylint, mypy, vim-surround, vim-unimpaired",FALSE,5,4,1,4,1
"70","4d52cf690a039273baca11d5bf55f0a7","task3","task3-2",4,0,24,"Software Engineer",3,4,5,4,4,2,3,3,3,"Vim, Jupyter Notebook","black, flake8, pylint, mypy, vim-surround, vim-unimpaired",FALSE,4,4,0,4,0
"71","4d52cf690a039273baca11d5bf55f0a7","task1","task1-1",10,1,24,"Software Engineer",3,4,5,4,4,2,3,3,3,"Vim, Jupyter Notebook","black, flake8, pylint, mypy, vim-surround, vim-unimpaired",TRUE,5,4,1,4,1
"72","4d52cf690a039273baca11d5bf55f0a7","task5","task5-2",4,1,24,"Software Engineer",3,4,5,4,4,2,3,3,3,"Vim, Jupyter Notebook","black, flake8, pylint, mypy, vim-surround, vim-unimpaired",TRUE,3,4,-1,4,-1
"73","638965bbb0d66a5b0eae27d1324bbf89","task2","task2-2",10,0,25,"Student (computer science)",3,3,5,4,2,1,4,2,2,"PyCharm, Atom","No",FALSE,4,3.75,0.25,3.75,0.25
"74","638965bbb0d66a5b0eae27d1324bbf89","task3","task3-2",6,1,25,"Student (computer science)",3,3,5,4,2,1,4,2,2,"PyCharm, Atom","No",TRUE,2,3.75,-1.75,3.75,-1.75
"75","638965bbb0d66a5b0eae27d1324bbf89","task2","task2-1",10,1,25,"Student (computer science)",3,3,5,4,2,1,4,2,2,"PyCharm, Atom","No",TRUE,4,3.75,0.25,3.75,0.25
"76","638965bbb0d66a5b0eae27d1324bbf89","task3","task3-1",1,0,25,"Student (computer science)",3,3,5,4,2,1,4,2,2,"PyCharm, Atom","No",FALSE,2,3.75,-1.75,3.75,-1.75
"77","638965bbb0d66a5b0eae27d1324bbf89","task5","task5-2",7,1,25,"Student (computer science)",3,3,5,4,2,1,4,2,2,"PyCharm, Atom","No",TRUE,4,3.75,0.25,3.75,0.25
"78","638965bbb0d66a5b0eae27d1324bbf89","task1","task1-1",10,0,25,"Student (computer science)",3,3,5,4,2,1,4,2,2,"PyCharm, Atom","No",FALSE,5,3.75,1.25,3.75,1.25
"79","638965bbb0d66a5b0eae27d1324bbf89","task1","task1-2",10,1,25,"Student (computer science)",3,3,5,4,2,1,4,2,2,"PyCharm, Atom","No",TRUE,5,3.75,1.25,3.75,1.25
"80","638965bbb0d66a5b0eae27d1324bbf89","task5","task5-1",3,0,25,"Student (computer science)",3,3,5,4,2,1,4,2,2,"PyCharm, Atom","No",FALSE,4,3.75,0.25,3.75,0.25
"81","cbfad61871126c1cc4c85d8bdb7fdddf","task2","task2-1",8,1,30,"IT manager, F&B industry",3,3,4,4,3,4,3,3,3,"PyCharm","Don't use plugins",TRUE,4,3.75,0.25,3.75,0.25
"82","cbfad61871126c1cc4c85d8bdb7fdddf","task1","task1-1",9,1,30,"IT manager, F&B industry",3,3,4,4,3,4,3,3,3,"PyCharm","Don't use plugins",TRUE,4,3.75,0.25,3.75,0.25
"83","cbfad61871126c1cc4c85d8bdb7fdddf","task4","task4-1",7,0,30,"IT manager, F&B industry",3,3,4,4,3,4,3,3,3,"PyCharm","Don't use plugins",FALSE,4,3.75,0.25,3.75,0.25
"84","cbfad61871126c1cc4c85d8bdb7fdddf","task3","task3-1",9,1,30,"IT manager, F&B industry",3,3,4,4,3,4,3,3,3,"PyCharm","Don't use plugins",TRUE,3,3.75,-0.75,3.75,-0.75
"85","cbfad61871126c1cc4c85d8bdb7fdddf","task3","task3-2",5,0,30,"IT manager, F&B industry",3,3,4,4,3,4,3,3,3,"PyCharm","Don't use plugins",FALSE,3,3.75,-0.75,3.75,-0.75
"86","cbfad61871126c1cc4c85d8bdb7fdddf","task2","task2-2",10,0,30,"IT manager, F&B industry",3,3,4,4,3,4,3,3,3,"PyCharm","Don't use plugins",FALSE,4,3.75,0.25,3.75,0.25
"87","cbfad61871126c1cc4c85d8bdb7fdddf","task1","task1-2",10,0,30,"IT manager, F&B industry",3,3,4,4,3,4,3,3,3,"PyCharm","Don't use plugins",FALSE,4,3.75,0.25,3.75,0.25
"88","cbfad61871126c1cc4c85d8bdb7fdddf","task4","task4-2",10,1,30,"IT manager, F&B industry",3,3,4,4,3,4,3,3,3,"PyCharm","Don't use plugins",TRUE,4,3.75,0.25,3.75,0.25
"97","2e3e8fa9d9f7b9fed260130d754b6308","task2","task2-2",10,0,28,"Student (computer science)",3,4,5,4,2,2,2,3,4,"Jupyter Notebook","I don't use any assistive tools",FALSE,4,4,0,4,0
"98","2e3e8fa9d9f7b9fed260130d754b6308","task2","task2-1",10,1,28,"Student (computer science)",3,4,5,4,2,2,2,3,4,"Jupyter Notebook","I don't use any assistive tools",TRUE,4,4,0,4,0
"99","2e3e8fa9d9f7b9fed260130d754b6308","task1","task1-1",10,1,28,"Student (computer science)",3,4,5,4,2,2,2,3,4,"Jupyter Notebook","I don't use any assistive tools",TRUE,5,4,1,4,1
"100","2e3e8fa9d9f7b9fed260130d754b6308","task7","task7-2",3,1,28,"Student (computer science)",3,4,5,4,2,2,2,3,4,"Jupyter Notebook","I don't use any assistive tools",TRUE,4,4,0,4,0
"101","2e3e8fa9d9f7b9fed260130d754b6308","task6","task6-2",2,1,28,"Student (computer science)",3,4,5,4,2,2,2,3,4,"Jupyter Notebook","I don't use any assistive tools",TRUE,3,4,-1,4,-1
"102","2e3e8fa9d9f7b9fed260130d754b6308","task7","task7-1",5,0,28,"Student (computer science)",3,4,5,4,2,2,2,3,4,"Jupyter Notebook","I don't use any assistive tools",FALSE,4,4,0,4,0
"103","2e3e8fa9d9f7b9fed260130d754b6308","task1","task1-2",8,0,28,"Student (computer science)",3,4,5,4,2,2,2,3,4,"Jupyter Notebook","I don't use any assistive tools",FALSE,5,4,1,4,1
"104","2e3e8fa9d9f7b9fed260130d754b6308","task6","task6-1",9,0,28,"Student (computer science)",3,4,5,4,2,2,2,3,4,"Jupyter Notebook","I don't use any assistive tools",FALSE,3,4,-1,4,-1
"105","eb8c0b297db7d9e210c3b804373339a2","task2","task2-2",10,0,20,"Software Engineer",4,4,4,4,3,3,2,4,4,"PyCharm, Jupyter Notebook, Visual Studio","No",FALSE,4,4,0,4,0
"106","eb8c0b297db7d9e210c3b804373339a2","task6","task6-2",10,1,20,"Software Engineer",4,4,4,4,3,3,2,4,4,"PyCharm, Jupyter Notebook, Visual Studio","No",TRUE,4,4,0,4,0
"107","eb8c0b297db7d9e210c3b804373339a2","task1","task1-1",6,1,20,"Software Engineer",4,4,4,4,3,3,2,4,4,"PyCharm, Jupyter Notebook, Visual Studio","No",TRUE,4,4,0,4,0
"108","eb8c0b297db7d9e210c3b804373339a2","task2","task2-1",10,1,20,"Software Engineer",4,4,4,4,3,3,2,4,4,"PyCharm, Jupyter Notebook, Visual Studio","No",TRUE,4,4,0,4,0
"109","eb8c0b297db7d9e210c3b804373339a2","task1","task1-2",8,0,20,"Software Engineer",4,4,4,4,3,3,2,4,4,"PyCharm, Jupyter Notebook, Visual Studio","No",FALSE,4,4,0,4,0
"110","eb8c0b297db7d9e210c3b804373339a2","task6","task6-1",5,0,20,"Software Engineer",4,4,4,4,3,3,2,4,4,"PyCharm, Jupyter Notebook, Visual Studio","No",FALSE,4,4,0,4,0
"111","eb8c0b297db7d9e210c3b804373339a2","task7","task7-2",5,1,20,"Software Engineer",4,4,4,4,3,3,2,4,4,"PyCharm, Jupyter Notebook, Visual Studio","No",TRUE,4,4,0,4,0
"112","eb8c0b297db7d9e210c3b804373339a2","task7","task7-1",3,0,20,"Software Engineer",4,4,4,4,3,3,2,4,4,"PyCharm, Jupyter Notebook, Visual Studio","No",FALSE,4,4,0,4,0
"113","42387deceb25d7486993e2a2d58e14ea","task2","task2-2",10,0,45,"Student (computer science)",4,4,4,4,3,3,3,3,4,"VS Code","Pylint",FALSE,4,3.75,0.25,3.75,0.25
"114","42387deceb25d7486993e2a2d58e14ea","task2","task2-1",10,1,45,"Student (computer science)",4,4,4,4,3,3,3,3,4,"VS Code","Pylint",TRUE,4,3.75,0.25,3.75,0.25
"115","42387deceb25d7486993e2a2d58e14ea","task7","task7-2",6,0,45,"Student (computer science)",4,4,4,4,3,3,3,3,4,"VS Code","Pylint",FALSE,4,3.75,0.25,3.75,0.25
"116","42387deceb25d7486993e2a2d58e14ea","task3","task3-2",3,0,45,"Student (computer science)",4,4,4,4,3,3,3,3,4,"VS Code","Pylint",FALSE,3,3.75,-0.75,3.75,-0.75
"117","42387deceb25d7486993e2a2d58e14ea","task1","task1-2",9,0,45,"Student (computer science)",4,4,4,4,3,3,3,3,4,"VS Code","Pylint",FALSE,4,3.75,0.25,3.75,0.25
"118","42387deceb25d7486993e2a2d58e14ea","task1","task1-1",6,1,45,"Student (computer science)",4,4,4,4,3,3,3,3,4,"VS Code","Pylint",TRUE,4,3.75,0.25,3.75,0.25
"119","42387deceb25d7486993e2a2d58e14ea","task3","task3-1",9,1,45,"Student (computer science)",4,4,4,4,3,3,3,3,4,"VS Code","Pylint",TRUE,3,3.75,-0.75,3.75,-0.75
"120","42387deceb25d7486993e2a2d58e14ea","task7","task7-1",2,1,45,"Student (computer science)",4,4,4,4,3,3,3,3,4,"VS Code","Pylint",TRUE,4,3.75,0.25,3.75,0.25
"121","203a872af9b348b6ae1c59fbacd59e72","task2","task2-2",6,0,55,"Software Engineer",4,4,5,5,4,4,1,3,2,"VS Code, Jupyter Notebook","No",FALSE,5,4.5,0.5,4.5,0.5
"122","203a872af9b348b6ae1c59fbacd59e72","task4","task4-1",2,1,55,"Software Engineer",4,4,5,5,4,4,1,3,2,"VS Code, Jupyter Notebook","No",TRUE,4,4.5,-0.5,4.5,-0.5
"123","203a872af9b348b6ae1c59fbacd59e72","task1","task1-1",10,1,55,"Software Engineer",4,4,5,5,4,4,1,3,2,"VS Code, Jupyter Notebook","No",TRUE,5,4.5,0.5,4.5,0.5
"124","203a872af9b348b6ae1c59fbacd59e72","task3","task3-2",6,0,55,"Software Engineer",4,4,5,5,4,4,1,3,2,"VS Code, Jupyter Notebook","No",FALSE,4,4.5,-0.5,4.5,-0.5
"125","203a872af9b348b6ae1c59fbacd59e72","task4","task4-2",3,0,55,"Software Engineer",4,4,5,5,4,4,1,3,2,"VS Code, Jupyter Notebook","No",FALSE,4,4.5,-0.5,4.5,-0.5
"126","203a872af9b348b6ae1c59fbacd59e72","task3","task3-1",7,1,55,"Software Engineer",4,4,5,5,4,4,1,3,2,"VS Code, Jupyter Notebook","No",TRUE,4,4.5,-0.5,4.5,-0.5
"127","203a872af9b348b6ae1c59fbacd59e72","task2","task2-1",8,1,55,"Software Engineer",4,4,5,5,4,4,1,3,2,"VS Code, Jupyter Notebook","No",TRUE,5,4.5,0.5,4.5,0.5
"128","203a872af9b348b6ae1c59fbacd59e72","task1","task1-2",4,0,55,"Software Engineer",4,4,5,5,4,4,1,3,2,"VS Code, Jupyter Notebook","No",FALSE,5,4.5,0.5,4.5,0.5
"137","e88d1e36c4db7410802b3fda6db81d38","task3","task3-2",2,0,36,"IT Solution Architect",3,3,3,3,3,3,3,3,3,"VS Code, PyCharm, Jupyter Notebook","No",FALSE,3,3,0,3,0
"138","e88d1e36c4db7410802b3fda6db81d38","task2","task2-1",10,1,36,"IT Solution Architect",3,3,3,3,3,3,3,3,3,"VS Code, PyCharm, Jupyter Notebook","No",TRUE,3,3,0,3,0
"139","e88d1e36c4db7410802b3fda6db81d38","task1","task1-2",10,0,36,"IT Solution Architect",3,3,3,3,3,3,3,3,3,"VS Code, PyCharm, Jupyter Notebook","No",FALSE,3,3,0,3,0
"140","e88d1e36c4db7410802b3fda6db81d38","task3","task3-1",9,1,36,"IT Solution Architect",3,3,3,3,3,3,3,3,3,"VS Code, PyCharm, Jupyter Notebook","No",TRUE,3,3,0,3,0
"141","e88d1e36c4db7410802b3fda6db81d38","task2","task2-2",10,0,36,"IT Solution Architect",3,3,3,3,3,3,3,3,3,"VS Code, PyCharm, Jupyter Notebook","No",FALSE,3,3,0,3,0
"142","e88d1e36c4db7410802b3fda6db81d38","task4","task4-1",8,0,36,"IT Solution Architect",3,3,3,3,3,3,3,3,3,"VS Code, PyCharm, Jupyter Notebook","No",FALSE,3,3,0,3,0
"143","e88d1e36c4db7410802b3fda6db81d38","task4","task4-2",3,1,36,"IT Solution Architect",3,3,3,3,3,3,3,3,3,"VS Code, PyCharm, Jupyter Notebook","No",TRUE,3,3,0,3,0
"144","e88d1e36c4db7410802b3fda6db81d38","task1","task1-1",5,1,36,"IT Solution Architect",3,3,3,3,3,3,3,3,3,"VS Code, PyCharm, Jupyter Notebook","No",TRUE,3,3,0,3,0
"156","0bd31633162f7a836160dd5b6359d29b","task2","task2-1",8,1,59,"Embedded System Engineer",5,4,5,5,5,3,3,3,3,"Vim, VS Code, Sublime Text","no",TRUE,5,5,0,5,0
"157","0bd31633162f7a836160dd5b6359d29b","task1","task1-2",8,1,59,"Embedded System Engineer",5,4,5,5,5,3,3,3,3,"Vim, VS Code, Sublime Text","no",TRUE,5,5,0,5,0
"158","0bd31633162f7a836160dd5b6359d29b","task1","task1-1",5,0,59,"Embedded System Engineer",5,4,5,5,5,3,3,3,3,"Vim, VS Code, Sublime Text","no",FALSE,5,5,0,5,0
"159","0e4f69ae91114adaaf29c8ce2c981057","task6","task6-1",4,1,56,"Teaching Assistant",3,3,4,4,3,1,2,3,3,"VS Code, Jupyter Notebook, Notebook++, Atom, Spyder IDE","No particular tool, but I use Spyder IDE which has integrated type checking, and other features.",TRUE,3,3.5,-0.5,3.5,-0.5
"160","0e4f69ae91114adaaf29c8ce2c981057","task6","task6-2",7,0,56,"Teaching Assistant",3,3,4,4,3,1,2,3,3,"VS Code, Jupyter Notebook, Notebook++, Atom, Spyder IDE","No particular tool, but I use Spyder IDE which has integrated type checking, and other features.",FALSE,3,3.5,-0.5,3.5,-0.5
"161","0e4f69ae91114adaaf29c8ce2c981057","task3","task3-2",9,0,56,"Teaching Assistant",3,3,4,4,3,1,2,3,3,"VS Code, Jupyter Notebook, Notebook++, Atom, Spyder IDE","No particular tool, but I use Spyder IDE which has integrated type checking, and other features.",FALSE,3,3.5,-0.5,3.5,-0.5
"162","0e4f69ae91114adaaf29c8ce2c981057","task1","task1-1",6,1,56,"Teaching Assistant",3,3,4,4,3,1,2,3,3,"VS Code, Jupyter Notebook, Notebook++, Atom, Spyder IDE","No particular tool, but I use Spyder IDE which has integrated type checking, and other features.",TRUE,4,3.5,0.5,3.5,0.5
"163","0e4f69ae91114adaaf29c8ce2c981057","task2","task2-1",9,1,56,"Teaching Assistant",3,3,4,4,3,1,2,3,3,"VS Code, Jupyter Notebook, Notebook++, Atom, Spyder IDE","No particular tool, but I use Spyder IDE which has integrated type checking, and other features.",TRUE,4,3.5,0.5,3.5,0.5
"164","0e4f69ae91114adaaf29c8ce2c981057","task2","task2-2",10,0,56,"Teaching Assistant",3,3,4,4,3,1,2,3,3,"VS Code, Jupyter Notebook, Notebook++, Atom, Spyder IDE","No particular tool, but I use Spyder IDE which has integrated type checking, and other features.",FALSE,4,3.5,0.5,3.5,0.5
"165","0e4f69ae91114adaaf29c8ce2c981057","task3","task3-1",9,1,56,"Teaching Assistant",3,3,4,4,3,1,2,3,3,"VS Code, Jupyter Notebook, Notebook++, Atom, Spyder IDE","No particular tool, but I use Spyder IDE which has integrated type checking, and other features.",TRUE,3,3.5,-0.5,3.5,-0.5
"166","0e4f69ae91114adaaf29c8ce2c981057","task1","task1-2",10,0,56,"Teaching Assistant",3,3,4,4,3,1,2,3,3,"VS Code, Jupyter Notebook, Notebook++, Atom, Spyder IDE","No particular tool, but I use Spyder IDE which has integrated type checking, and other features.",FALSE,4,3.5,0.5,3.5,0.5
"167","3290155d5f39c2cece41ce216eecac62","task2","task2-2",10,0,31,"Software Engineer",4,4,5,5,5,2,2,4,2,"VS Code, Jupyter Notebook, Sublime Text, Visual Studio 2019","Sometimes I may use the autocomplete",FALSE,5,4.75,0.25,4.75,0.25
"168","3290155d5f39c2cece41ce216eecac62","task1","task1-2",9,1,31,"Software Engineer",4,4,5,5,5,2,2,4,2,"VS Code, Jupyter Notebook, Sublime Text, Visual Studio 2019","Sometimes I may use the autocomplete",TRUE,5,4.75,0.25,4.75,0.25
"169","3290155d5f39c2cece41ce216eecac62","task2","task2-1",10,1,31,"Software Engineer",4,4,5,5,5,2,2,4,2,"VS Code, Jupyter Notebook, Sublime Text, Visual Studio 2019","Sometimes I may use the autocomplete",TRUE,5,4.75,0.25,4.75,0.25
"170","3290155d5f39c2cece41ce216eecac62","task6","task6-2",3,0,31,"Software Engineer",4,4,5,5,5,2,2,4,2,"VS Code, Jupyter Notebook, Sublime Text, Visual Studio 2019","Sometimes I may use the autocomplete",FALSE,4,4.75,-0.75,4.75,-0.75
"171","3290155d5f39c2cece41ce216eecac62","task3","task3-2",2,0,31,"Software Engineer",4,4,5,5,5,2,2,4,2,"VS Code, Jupyter Notebook, Sublime Text, Visual Studio 2019","Sometimes I may use the autocomplete",FALSE,5,4.75,0.25,4.75,0.25
"172","3290155d5f39c2cece41ce216eecac62","task6","task6-1",7,1,31,"Software Engineer",4,4,5,5,5,2,2,4,2,"VS Code, Jupyter Notebook, Sublime Text, Visual Studio 2019","Sometimes I may use the autocomplete",TRUE,4,4.75,-0.75,4.75,-0.75
"173","3290155d5f39c2cece41ce216eecac62","task1","task1-1",5,0,31,"Software Engineer",4,4,5,5,5,2,2,4,2,"VS Code, Jupyter Notebook, Sublime Text, Visual Studio 2019","Sometimes I may use the autocomplete",FALSE,5,4.75,0.25,4.75,0.25
"174","3290155d5f39c2cece41ce216eecac62","task3","task3-1",9,1,31,"Software Engineer",4,4,5,5,5,2,2,4,2,"VS Code, Jupyter Notebook, Sublime Text, Visual Studio 2019","Sometimes I may use the autocomplete",TRUE,5,4.75,0.25,4.75,0.25
"183","baff2a3b41189071a80cebf6fdc239e3","task6","task6-1",10,1,32,"Software Engineer",4,4,5,5,4,2,2,4,3,"Vim, VS Code, Jupyter Notebook, Sublime Text, Nano","No",TRUE,4,4.5,-0.5,4.5,-0.5
"184","baff2a3b41189071a80cebf6fdc239e3","task6","task6-2",5,0,32,"Software Engineer",4,4,5,5,4,2,2,4,3,"Vim, VS Code, Jupyter Notebook, Sublime Text, Nano","No",FALSE,4,4.5,-0.5,4.5,-0.5
"185","baff2a3b41189071a80cebf6fdc239e3","task3","task3-2",9,1,32,"Software Engineer",4,4,5,5,4,2,2,4,3,"Vim, VS Code, Jupyter Notebook, Sublime Text, Nano","No",TRUE,4,4.5,-0.5,4.5,-0.5
"186","baff2a3b41189071a80cebf6fdc239e3","task1","task1-2",4,1,32,"Software Engineer",4,4,5,5,4,2,2,4,3,"Vim, VS Code, Jupyter Notebook, Sublime Text, Nano","No",TRUE,5,4.5,0.5,4.5,0.5
"187","baff2a3b41189071a80cebf6fdc239e3","task2","task2-2",9,1,32,"Software Engineer",4,4,5,5,4,2,2,4,3,"Vim, VS Code, Jupyter Notebook, Sublime Text, Nano","No",TRUE,5,4.5,0.5,4.5,0.5
"188","baff2a3b41189071a80cebf6fdc239e3","task1","task1-1",6,0,32,"Software Engineer",4,4,5,5,4,2,2,4,3,"Vim, VS Code, Jupyter Notebook, Sublime Text, Nano","No",FALSE,5,4.5,0.5,4.5,0.5
"189","baff2a3b41189071a80cebf6fdc239e3","task2","task2-1",10,0,32,"Software Engineer",4,4,5,5,4,2,2,4,3,"Vim, VS Code, Jupyter Notebook, Sublime Text, Nano","No",FALSE,5,4.5,0.5,4.5,0.5
"190","baff2a3b41189071a80cebf6fdc239e3","task3","task3-1",1,0,32,"Software Engineer",4,4,5,5,4,2,2,4,3,"Vim, VS Code, Jupyter Notebook, Sublime Text, Nano","No",FALSE,4,4.5,-0.5,4.5,-0.5
"191","eb54774fe018001b25b8c31133f13bc9","task7","task7-1",4,0,33,"Software Engineer",4,4,5,5,3,3,3,4,4,"Sublime Text, Notepad++","No",FALSE,4,4.5,-0.5,4.5,-0.5
"192","eb54774fe018001b25b8c31133f13bc9","task6","task6-1",4,0,33,"Software Engineer",4,4,5,5,3,3,3,4,4,"Sublime Text, Notepad++","No",FALSE,4,4.5,-0.5,4.5,-0.5
"193","eb54774fe018001b25b8c31133f13bc9","task6","task6-2",4,1,33,"Software Engineer",4,4,5,5,3,3,3,4,4,"Sublime Text, Notepad++","No",TRUE,4,4.5,-0.5,4.5,-0.5
"194","eb54774fe018001b25b8c31133f13bc9","task1","task1-2",4,0,33,"Software Engineer",4,4,5,5,3,3,3,4,4,"Sublime Text, Notepad++","No",FALSE,5,4.5,0.5,4.5,0.5
"195","eb54774fe018001b25b8c31133f13bc9","task1","task1-1",10,1,33,"Software Engineer",4,4,5,5,3,3,3,4,4,"Sublime Text, Notepad++","No",TRUE,5,4.5,0.5,4.5,0.5
"196","eb54774fe018001b25b8c31133f13bc9","task2","task2-1",10,0,33,"Software Engineer",4,4,5,5,3,3,3,4,4,"Sublime Text, Notepad++","No",FALSE,5,4.5,0.5,4.5,0.5
"197","eb54774fe018001b25b8c31133f13bc9","task7","task7-2",10,1,33,"Software Engineer",4,4,5,5,3,3,3,4,4,"Sublime Text, Notepad++","No",TRUE,4,4.5,-0.5,4.5,-0.5
"198","eb54774fe018001b25b8c31133f13bc9","task2","task2-2",9,1,33,"Software Engineer",4,4,5,5,3,3,3,4,4,"Sublime Text, Notepad++","No",TRUE,5,4.5,0.5,4.5,0.5
"199","2287fbb738654ee8436be1a74b1efab7","task2","task2-1",2,1,44,"Software Engineer",4,4,4,4,4,3,4,4,3,"Vim, Sublime Text, Notepad++","No",TRUE,4,4,0,4,0
"200","2287fbb738654ee8436be1a74b1efab7","task5","task5-2",2,1,44,"Software Engineer",4,4,4,4,4,3,4,4,3,"Vim, Sublime Text, Notepad++","No",TRUE,4,4,0,4,0
"201","2287fbb738654ee8436be1a74b1efab7","task3","task3-1",1,1,44,"Software Engineer",4,4,4,4,4,3,4,4,3,"Vim, Sublime Text, Notepad++","No",TRUE,4,4,0,4,0
"202","2287fbb738654ee8436be1a74b1efab7","task5","task5-1",3,0,44,"Software Engineer",4,4,4,4,4,3,4,4,3,"Vim, Sublime Text, Notepad++","No",FALSE,4,4,0,4,0
"203","2287fbb738654ee8436be1a74b1efab7","task1","task1-1",6,0,44,"Software Engineer",4,4,4,4,4,3,4,4,3,"Vim, Sublime Text, Notepad++","No",FALSE,4,4,0,4,0
"204","2287fbb738654ee8436be1a74b1efab7","task2","task2-2",6,0,44,"Software Engineer",4,4,4,4,4,3,4,4,3,"Vim, Sublime Text, Notepad++","No",FALSE,4,4,0,4,0
"205","2287fbb738654ee8436be1a74b1efab7","task1","task1-2",4,1,44,"Software Engineer",4,4,4,4,4,3,4,4,3,"Vim, Sublime Text, Notepad++","No",TRUE,4,4,0,4,0
"206","2287fbb738654ee8436be1a74b1efab7","task3","task3-2",4,0,44,"Software Engineer",4,4,4,4,4,3,4,4,3,"Vim, Sublime Text, Notepad++","No",FALSE,4,4,0,4,0
"215","27570bb3cfcc304aeede0cdf6c2e2762","task2","task2-1",5,1,54,"Software Engineer",4,4,5,5,3,1,1,3,3,"PyCharm, Jupyter Notebook","no",TRUE,5,4,1,4,1
"216","27570bb3cfcc304aeede0cdf6c2e2762","task2","task2-2",6,0,54,"Software Engineer",4,4,5,5,3,1,1,3,3,"PyCharm, Jupyter Notebook","no",FALSE,5,4,1,4,1
"217","27570bb3cfcc304aeede0cdf6c2e2762","task6","task6-2",9,0,54,"Software Engineer",4,4,5,5,3,1,1,3,3,"PyCharm, Jupyter Notebook","no",FALSE,3,4,-1,4,-1
"218","27570bb3cfcc304aeede0cdf6c2e2762","task6","task6-1",4,1,54,"Software Engineer",4,4,5,5,3,1,1,3,3,"PyCharm, Jupyter Notebook","no",TRUE,3,4,-1,4,-1
"219","27570bb3cfcc304aeede0cdf6c2e2762","task3","task3-1",9,1,54,"Software Engineer",4,4,5,5,3,1,1,3,3,"PyCharm, Jupyter Notebook","no",TRUE,3,4,-1,4,-1
"220","27570bb3cfcc304aeede0cdf6c2e2762","task1","task1-1",6,1,54,"Software Engineer",4,4,5,5,3,1,1,3,3,"PyCharm, Jupyter Notebook","no",TRUE,5,4,1,4,1
"221","27570bb3cfcc304aeede0cdf6c2e2762","task1","task1-2",4,0,54,"Software Engineer",4,4,5,5,3,1,1,3,3,"PyCharm, Jupyter Notebook","no",FALSE,5,4,1,4,1
"222","27570bb3cfcc304aeede0cdf6c2e2762","task3","task3-2",4,0,54,"Software Engineer",4,4,5,5,3,1,1,3,3,"PyCharm, Jupyter Notebook","no",FALSE,3,4,-1,4,-1
"223","32a93c18dfe238311ad0b9add6a071d6","task2","task2-1",8,0,57,"Student (computer science)",4,4,5,4,2,2,2,3,3,"PyCharm","Standard plugins for Pycharm",FALSE,4,3.75,0.25,3.75,0.25
"224","32a93c18dfe238311ad0b9add6a071d6","task6","task6-2",5,1,57,"Student (computer science)",4,4,5,4,2,2,2,3,3,"PyCharm","Standard plugins for Pycharm",TRUE,3,3.75,-0.75,3.75,-0.75
"225","32a93c18dfe238311ad0b9add6a071d6","task7","task7-1",5,0,57,"Student (computer science)",4,4,5,4,2,2,2,3,3,"PyCharm","Standard plugins for Pycharm",FALSE,3,3.75,-0.75,3.75,-0.75
"226","32a93c18dfe238311ad0b9add6a071d6","task1","task1-1",6,0,57,"Student (computer science)",4,4,5,4,2,2,2,3,3,"PyCharm","Standard plugins for Pycharm",FALSE,5,3.75,1.25,3.75,1.25
"227","32a93c18dfe238311ad0b9add6a071d6","task2","task2-2",10,1,57,"Student (computer science)",4,4,5,4,2,2,2,3,3,"PyCharm","Standard plugins for Pycharm",TRUE,4,3.75,0.25,3.75,0.25
"228","32a93c18dfe238311ad0b9add6a071d6","task1","task1-2",9,1,57,"Student (computer science)",4,4,5,4,2,2,2,3,3,"PyCharm","Standard plugins for Pycharm",TRUE,5,3.75,1.25,3.75,1.25
"229","32a93c18dfe238311ad0b9add6a071d6","task6","task6-1",6,0,57,"Student (computer science)",4,4,5,4,2,2,2,3,3,"PyCharm","Standard plugins for Pycharm",FALSE,3,3.75,-0.75,3.75,-0.75
"230","32a93c18dfe238311ad0b9add6a071d6","task7","task7-2",9,1,57,"Student (computer science)",4,4,5,4,2,2,2,3,3,"PyCharm","Standard plugins for Pycharm",TRUE,3,3.75,-0.75,3.75,-0.75
"239","844088c7077d499fa3533250ae504e7f","task3","task3-2",7,1,16,"Student (computer science)",3,3,5,3,3,3,2,1,1,"Vim","TabNine for autocompletion",TRUE,3,3.5,-0.5,3.5,-0.5
"240","844088c7077d499fa3533250ae504e7f","task4","task4-1",5,0,16,"Student (computer science)",3,3,5,3,3,3,2,1,1,"Vim","TabNine for autocompletion",FALSE,3,3.5,-0.5,3.5,-0.5
"241","844088c7077d499fa3533250ae504e7f","task2","task2-1",10,1,16,"Student (computer science)",3,3,5,3,3,3,2,1,1,"Vim","TabNine for autocompletion",TRUE,3,3.5,-0.5,3.5,-0.5
"242","844088c7077d499fa3533250ae504e7f","task2","task2-2",10,1,16,"Student (computer science)",3,3,5,3,3,3,2,1,1,"Vim","TabNine for autocompletion",TRUE,3,3.5,-0.5,3.5,-0.5
"243","844088c7077d499fa3533250ae504e7f","task1","task1-2",10,1,16,"Student (computer science)",3,3,5,3,3,3,2,1,1,"Vim","TabNine for autocompletion",TRUE,5,3.5,1.5,3.5,1.5
"244","844088c7077d499fa3533250ae504e7f","task4","task4-2",5,1,16,"Student (computer science)",3,3,5,3,3,3,2,1,1,"Vim","TabNine for autocompletion",TRUE,3,3.5,-0.5,3.5,-0.5
"245","844088c7077d499fa3533250ae504e7f","task3","task3-1",9,0,16,"Student (computer science)",3,3,5,3,3,3,2,1,1,"Vim","TabNine for autocompletion",FALSE,3,3.5,-0.5,3.5,-0.5
"246","844088c7077d499fa3533250ae504e7f","task1","task1-1",10,1,16,"Student (computer science)",3,3,5,3,3,3,2,1,1,"Vim","TabNine for autocompletion",TRUE,5,3.5,1.5,3.5,1.5
"247","15764ad439feafda6f35578b7f6253df","task6","task6-1",7,1,50,"Student (other field)",4,4,4,3,2,3,1,4,3,"PyCharm, Jupyter Notebook","No",TRUE,4,3.5,0.5,3.5,0.5
"248","15764ad439feafda6f35578b7f6253df","task4","task4-1",5,0,50,"Student (other field)",4,4,4,3,2,3,1,4,3,"PyCharm, Jupyter Notebook","No",FALSE,3,3.5,-0.5,3.5,-0.5
"249","15764ad439feafda6f35578b7f6253df","task6","task6-2",4,0,50,"Student (other field)",4,4,4,3,2,3,1,4,3,"PyCharm, Jupyter Notebook","No",FALSE,4,3.5,0.5,3.5,0.5
"250","15764ad439feafda6f35578b7f6253df","task1","task1-2",8,1,50,"Student (other field)",4,4,4,3,2,3,1,4,3,"PyCharm, Jupyter Notebook","No",TRUE,4,3.5,0.5,3.5,0.5
"251","15764ad439feafda6f35578b7f6253df","task4","task4-2",5,1,50,"Student (other field)",4,4,4,3,2,3,1,4,3,"PyCharm, Jupyter Notebook","No",TRUE,3,3.5,-0.5,3.5,-0.5
"252","15764ad439feafda6f35578b7f6253df","task2","task2-1",9,0,50,"Student (other field)",4,4,4,3,2,3,1,4,3,"PyCharm, Jupyter Notebook","No",FALSE,3,3.5,-0.5,3.5,-0.5
"253","15764ad439feafda6f35578b7f6253df","task2","task2-2",2,1,50,"Student (other field)",4,4,4,3,2,3,1,4,3,"PyCharm, Jupyter Notebook","No",TRUE,3,3.5,-0.5,3.5,-0.5
"254","15764ad439feafda6f35578b7f6253df","task1","task1-1",10,0,50,"Student (other field)",4,4,4,3,2,3,1,4,3,"PyCharm, Jupyter Notebook","No",FALSE,4,3.5,0.5,3.5,0.5
"255","2ceafaf6a21d6cb6495038b38ab72061","task6","task6-2",8,1,2,"Student (computer science)",4,4,5,4,4,1,1,4,3,"VS Code, PyCharm, Jupyter Notebook","No",TRUE,4,4.25,-0.25,4.25,-0.25
"256","2ceafaf6a21d6cb6495038b38ab72061","task1","task1-2",10,1,2,"Student (computer science)",4,4,5,4,4,1,1,4,3,"VS Code, PyCharm, Jupyter Notebook","No",TRUE,5,4.25,0.75,4.25,0.75
"257","2ceafaf6a21d6cb6495038b38ab72061","task2","task2-1",9,1,2,"Student (computer science)",4,4,5,4,4,1,1,4,3,"VS Code, PyCharm, Jupyter Notebook","No",TRUE,4,4.25,-0.25,4.25,-0.25
"258","2ceafaf6a21d6cb6495038b38ab72061","task3","task3-1",7,1,2,"Student (computer science)",4,4,5,4,4,1,1,4,3,"VS Code, PyCharm, Jupyter Notebook","No",TRUE,4,4.25,-0.25,4.25,-0.25
"259","2ceafaf6a21d6cb6495038b38ab72061","task1","task1-1",10,0,2,"Student (computer science)",4,4,5,4,4,1,1,4,3,"VS Code, PyCharm, Jupyter Notebook","No",FALSE,5,4.25,0.75,4.25,0.75
"260","2ceafaf6a21d6cb6495038b38ab72061","task6","task6-1",9,1,2,"Student (computer science)",4,4,5,4,4,1,1,4,3,"VS Code, PyCharm, Jupyter Notebook","No",TRUE,4,4.25,-0.25,4.25,-0.25
"261","2ceafaf6a21d6cb6495038b38ab72061","task3","task3-2",6,1,2,"Student (computer science)",4,4,5,4,4,1,1,4,3,"VS Code, PyCharm, Jupyter Notebook","No",TRUE,4,4.25,-0.25,4.25,-0.25
"262","2ceafaf6a21d6cb6495038b38ab72061","task2","task2-2",10,1,2,"Student (computer science)",4,4,5,4,4,1,1,4,3,"VS Code, PyCharm, Jupyter Notebook","No",TRUE,4,4.25,-0.25,4.25,-0.25
"265","138ca13c6ba8814e8e4aea9853d66b69","task2","task2-2",6,1,5,"Student (computer science)",4,4,4,4,3,2,1,3,3,"Atom","Linting",TRUE,4,4,0,4,0
"266","138ca13c6ba8814e8e4aea9853d66b69","task1","task1-1",10,1,5,"Student (computer science)",4,4,4,4,3,2,1,3,3,"Atom","Linting",TRUE,4,4,0,4,0
"267","138ca13c6ba8814e8e4aea9853d66b69","task2","task2-1",10,0,5,"Student (computer science)",4,4,4,4,3,2,1,3,3,"Atom","Linting",FALSE,4,4,0,4,0
"268","138ca13c6ba8814e8e4aea9853d66b69","task1","task1-2",8,0,5,"Student (computer science)",4,4,4,4,3,2,1,3,3,"Atom","Linting",FALSE,4,4,0,4,0
"269","67e86a0cb1f9b6cae0e8d6c4b24711de","task3","task3-1",7,0,13,"Student (computer science)",5,5,5,5,5,3,4,5,5,"Vim, VS Code","no",FALSE,5,5,0,5,0
"270","67e86a0cb1f9b6cae0e8d6c4b24711de","task3","task3-2",6,1,13,"Student (computer science)",5,5,5,5,5,3,4,5,5,"Vim, VS Code","no",TRUE,5,5,0,5,0
"271","67e86a0cb1f9b6cae0e8d6c4b24711de","task6","task6-2",8,1,13,"Student (computer science)",5,5,5,5,5,3,4,5,5,"Vim, VS Code","no",TRUE,5,5,0,5,0
"272","67e86a0cb1f9b6cae0e8d6c4b24711de","task2","task2-2",10,1,13,"Student (computer science)",5,5,5,5,5,3,4,5,5,"Vim, VS Code","no",TRUE,5,5,0,5,0
"273","67e86a0cb1f9b6cae0e8d6c4b24711de","task6","task6-1",4,0,13,"Student (computer science)",5,5,5,5,5,3,4,5,5,"Vim, VS Code","no",FALSE,5,5,0,5,0
"274","67e86a0cb1f9b6cae0e8d6c4b24711de","task1","task1-1",6,0,13,"Student (computer science)",5,5,5,5,5,3,4,5,5,"Vim, VS Code","no",FALSE,5,5,0,5,0
"275","67e86a0cb1f9b6cae0e8d6c4b24711de","task2","task2-1",10,0,13,"Student (computer science)",5,5,5,5,5,3,4,5,5,"Vim, VS Code","no",FALSE,5,5,0,5,0
"276","67e86a0cb1f9b6cae0e8d6c4b24711de","task1","task1-2",9,1,13,"Student (computer science)",5,5,5,5,5,3,4,5,5,"Vim, VS Code","no",TRUE,5,5,0,5,0
"277","7ff9938c47bd8fb571d43b13872e6182","task6","task6-2",5,0,42,"Software Engineer",4,4,5,3,3,1,2,5,4,"PyCharm, Jupyter Notebook","No",FALSE,5,4.25,0.75,4.25,0.75
"278","7ff9938c47bd8fb571d43b13872e6182","task2","task2-2",6,0,42,"Software Engineer",4,4,5,3,3,1,2,5,4,"PyCharm, Jupyter Notebook","No",FALSE,3,4.25,-1.25,4.25,-1.25
"279","7ff9938c47bd8fb571d43b13872e6182","task1","task1-1",5,1,42,"Software Engineer",4,4,5,3,3,1,2,5,4,"PyCharm, Jupyter Notebook","No",TRUE,5,4.25,0.75,4.25,0.75
"280","7ff9938c47bd8fb571d43b13872e6182","task7","task7-1",6,1,42,"Software Engineer",4,4,5,3,3,1,2,5,4,"PyCharm, Jupyter Notebook","No",TRUE,4,4.25,-0.25,4.25,-0.25
"281","7ff9938c47bd8fb571d43b13872e6182","task2","task2-1",6,1,42,"Software Engineer",4,4,5,3,3,1,2,5,4,"PyCharm, Jupyter Notebook","No",TRUE,3,4.25,-1.25,4.25,-1.25
"282","7ff9938c47bd8fb571d43b13872e6182","task1","task1-2",8,0,42,"Software Engineer",4,4,5,3,3,1,2,5,4,"PyCharm, Jupyter Notebook","No",FALSE,5,4.25,0.75,4.25,0.75
"283","7ff9938c47bd8fb571d43b13872e6182","task7","task7-2",7,0,42,"Software Engineer",4,4,5,3,3,1,2,5,4,"PyCharm, Jupyter Notebook","No",FALSE,4,4.25,-0.25,4.25,-0.25
"284","7ff9938c47bd8fb571d43b13872e6182","task6","task6-1",2,1,42,"Software Engineer",4,4,5,3,3,1,2,5,4,"PyCharm, Jupyter Notebook","No",TRUE,5,4.25,0.75,4.25,0.75
"293","0ed2dff1d23b0de1cfcf9edb0ba35b1c","task3","task3-1",7,1,0,"Student (computer science)",5,4,5,4,3,3,3,4,3,"PyCharm","I use Mypy for static type checking. Not exactly for improving efficiency, but it reduces the probability of encountering bugs.",TRUE,3,3.8,-0.8,3.8,-0.8
"294","0ed2dff1d23b0de1cfcf9edb0ba35b1c","task2","task2-1",10,1,0,"Student (computer science)",5,4,5,4,3,3,3,4,3,"PyCharm","I use Mypy for static type checking. Not exactly for improving efficiency, but it reduces the probability of encountering bugs.",TRUE,4,3.8,0.2,3.8,0.2
"295","0ed2dff1d23b0de1cfcf9edb0ba35b1c","task7","task7-1",7,1,0,"Student (computer science)",5,4,5,4,3,3,3,4,3,"PyCharm","I use Mypy for static type checking. Not exactly for improving efficiency, but it reduces the probability of encountering bugs.",TRUE,3,3.8,-0.8,3.8,-0.8
"296","0ed2dff1d23b0de1cfcf9edb0ba35b1c","task7","task7-2",10,1,0,"Student (computer science)",5,4,5,4,3,3,3,4,3,"PyCharm","I use Mypy for static type checking. Not exactly for improving efficiency, but it reduces the probability of encountering bugs.",TRUE,3,3.8,-0.8,3.8,-0.8
"297","0ed2dff1d23b0de1cfcf9edb0ba35b1c","task2","task2-2",6,0,0,"Student (computer science)",5,4,5,4,3,3,3,4,3,"PyCharm","I use Mypy for static type checking. Not exactly for improving efficiency, but it reduces the probability of encountering bugs.",FALSE,4,3.8,0.2,3.8,0.2
"298","0ed2dff1d23b0de1cfcf9edb0ba35b1c","task3","task3-2",10,0,0,"Student (computer science)",5,4,5,4,3,3,3,4,3,"PyCharm","I use Mypy for static type checking. Not exactly for improving efficiency, but it reduces the probability of encountering bugs.",FALSE,3,3.8,-0.8,3.8,-0.8
"299","0ed2dff1d23b0de1cfcf9edb0ba35b1c","task6","task6-1",7,1,0,"Student (computer science)",5,4,5,4,3,3,3,4,3,"PyCharm","I use Mypy for static type checking. Not exactly for improving efficiency, but it reduces the probability of encountering bugs.",TRUE,4,3.8,0.2,3.8,0.2
"300","0ed2dff1d23b0de1cfcf9edb0ba35b1c","task1","task1-2",10,1,0,"Student (computer science)",5,4,5,4,3,3,3,4,3,"PyCharm","I use Mypy for static type checking. Not exactly for improving efficiency, but it reduces the probability of encountering bugs.",TRUE,5,3.8,1.2,3.8,1.2
"301","0ed2dff1d23b0de1cfcf9edb0ba35b1c","task1","task1-1",6,0,0,"Student (computer science)",5,4,5,4,3,3,3,4,3,"PyCharm","I use Mypy for static type checking. Not exactly for improving efficiency, but it reduces the probability of encountering bugs.",FALSE,5,3.8,1.2,3.8,1.2
"302","0ed2dff1d23b0de1cfcf9edb0ba35b1c","task6","task6-2",8,1,0,"Student (computer science)",5,4,5,4,3,3,3,4,3,"PyCharm","I use Mypy for static type checking. Not exactly for improving efficiency, but it reduces the probability of encountering bugs.",TRUE,4,3.8,0.2,3.8,0.2
"303","34b1ef17e6625ba2350f6f1c169591a1","task2","task2-2",9,1,12,"Student (computer science)",4,4,5,4,4,3,3,5,5,"VS Code, PyCharm, Jupyter Notebook","No",TRUE,4,4.75,-0.75,4.75,-0.75
"304","34b1ef17e6625ba2350f6f1c169591a1","task1","task1-2",10,0,12,"Student (computer science)",4,4,5,4,4,3,3,5,5,"VS Code, PyCharm, Jupyter Notebook","No",FALSE,5,4.75,0.25,4.75,0.25
"305","34b1ef17e6625ba2350f6f1c169591a1","task6","task6-1",6,1,12,"Student (computer science)",4,4,5,4,4,3,3,5,5,"VS Code, PyCharm, Jupyter Notebook","No",TRUE,5,4.75,0.25,4.75,0.25
"306","34b1ef17e6625ba2350f6f1c169591a1","task2","task2-1",10,0,12,"Student (computer science)",4,4,5,4,4,3,3,5,5,"VS Code, PyCharm, Jupyter Notebook","No",FALSE,4,4.75,-0.75,4.75,-0.75
"307","34b1ef17e6625ba2350f6f1c169591a1","task1","task1-1",6,1,12,"Student (computer science)",4,4,5,4,4,3,3,5,5,"VS Code, PyCharm, Jupyter Notebook","No",TRUE,5,4.75,0.25,4.75,0.25
"308","34b1ef17e6625ba2350f6f1c169591a1","task6","task6-2",5,0,12,"Student (computer science)",4,4,5,4,4,3,3,5,5,"VS Code, PyCharm, Jupyter Notebook","No",FALSE,5,4.75,0.25,4.75,0.25
"309","34b1ef17e6625ba2350f6f1c169591a1","task7","task7-1",3,0,12,"Student (computer science)",4,4,5,4,4,3,3,5,5,"VS Code, PyCharm, Jupyter Notebook","No",FALSE,5,4.75,0.25,4.75,0.25
"310","34b1ef17e6625ba2350f6f1c169591a1","task7","task7-2",4,1,12,"Student (computer science)",4,4,5,4,4,3,3,5,5,"VS Code, PyCharm, Jupyter Notebook","No",TRUE,5,4.75,0.25,4.75,0.25
"311","c4196119198c1bd6dce9ad020501698d","task2","task2-1",9,0,1,"Student (computer science)",4,4,5,5,4,1,2,5,3,"PyCharm, Jupyter Notebook","Google search",FALSE,5,5,0,5,0
"312","c4196119198c1bd6dce9ad020501698d","task1","task1-1",6,1,1,"Student (computer science)",4,4,5,5,4,1,2,5,3,"PyCharm, Jupyter Notebook","Google search",TRUE,5,5,0,5,0
"313","c4196119198c1bd6dce9ad020501698d","task1","task1-2",9,0,1,"Student (computer science)",4,4,5,5,4,1,2,5,3,"PyCharm, Jupyter Notebook","Google search",FALSE,5,5,0,5,0
"314","c4196119198c1bd6dce9ad020501698d","task2","task2-2",10,1,1,"Student (computer science)",4,4,5,5,4,1,2,5,3,"PyCharm, Jupyter Notebook","Google search",TRUE,5,5,0,5,0
